Data,Hora,Valor_LDR,Valor_Umidade
2024-09-22,11:22:53,764,268
2024-09-22,11:22:59,764,269
2024-09-22,11:23:09,764,269
2024-09-22,11:23:19,764,269
2024-09-22,11:23:29,765,269
2024-09-22,11:23:39,766,269
2024-09-22,11:23:49,766,269
2024-09-22,11:23:59,766,269
2024-09-22,11:24:09,766,269
2024-09-22,11:24:19,767,268
2024-09-22,11:24:29,767,268
2024-09-22,11:24:39,767,268
2024-09-22,11:24:49,767,268
2024-09-22,11:24:59,767,268
2024-09-22,11:25:09,767,267
2024-09-22,11:25:19,768,267
2024-09-22,11:25:29,768,268
2024-09-22,11:25:39,768,268
2024-09-22,11:25:49,766,268
2024-09-22,11:25:59,767,268
2024-09-22,11:26:09,767,268
2024-09-22,11:26:19,767,267
2024-09-22,11:26:29,767,267
2024-09-22,11:26:39,767,268
2024-09-22,11:26:49,767,268
2024-09-22,11:26:59,767,268
2024-09-22,11:27:09,767,268
2024-09-22,11:27:19,767,268
2024-09-22,11:27:29,767,268
2024-09-22,11:27:39,767,268
2024-09-22,11:27:49,768,268
2024-09-22,11:27:59,767,269
2024-09-22,11:28:09,768,268
2024-09-22,11:28:19,768,268
2024-09-22,11:28:29,767,268
2024-09-22,11:30:22,781,254
2024-09-22,11:30:24,781,251
2024-09-22,11:30:34,781,251
2024-09-22,11:30:44,781,250
2024-09-22,11:30:54,335,248
2024-09-22,11:31:04,790,248
2024-09-22,11:31:14,1008,230
2024-09-22,11:31:24,1009,245
2024-09-22,11:31:34,1009,234
2024-09-22,11:31:44,1008,243
2024-09-22,11:31:54,1009,243
2024-09-22,11:32:04,1009,244
2024-09-22,11:32:14,1009,244
2024-09-22,11:32:24,1008,244
2024-09-22,11:32:34,1009,244
2024-09-22,11:32:44,1009,242
2024-09-22,11:32:54,1009,244
2024-09-22,11:33:04,1009,244
2024-09-22,11:33:14,1009,242
2024-09-22,11:33:24,1009,242
2024-09-22,11:33:34,1009,242
2024-09-22,11:33:44,1009,241
2024-09-22,11:33:54,1010,239
2024-09-22,11:34:04,1009,241
2024-09-22,11:34:14,1009,241
2024-09-22,11:34:24,1009,242
2024-09-22,11:34:34,1009,242
2024-09-22,11:34:44,1009,242
2024-09-22,11:34:54,1009,240
2024-09-22,11:35:04,1009,241
2024-09-22,11:35:14,1009,242
2024-09-22,11:35:24,1009,241
2024-09-22,11:35:34,1008,240
2024-09-22,11:35:44,1009,240
2024-09-22,11:35:54,1009,240
2024-09-22,11:36:04,1009,241
2024-09-22,11:36:14,1009,241
2024-09-22,11:36:24,1009,240
2024-09-22,11:36:34,1009,240
2024-09-22,11:36:44,1009,240
2024-09-22,11:36:54,1009,240
2024-09-22,11:37:04,1009,239
2024-09-22,11:37:14,1009,239
2024-09-22,11:37:24,1009,239
2024-09-22,11:37:34,1009,239
2024-09-22,11:37:44,1009,239
2024-09-22,11:37:54,1008,239
2024-09-22,11:38:04,1009,239
2024-09-22,11:38:14,1009,239
2024-09-22,11:38:24,1009,239
2024-09-22,11:38:34,1009,239
2024-09-22,11:38:44,1009,239
2024-09-22,11:38:54,1009,240
2024-09-22,11:39:05,1009,238
2024-09-22,11:39:15,1009,238
2024-09-22,11:39:25,1009,238
2024-09-22,11:39:35,1009,238
2024-09-22,11:39:45,1009,238
2024-09-22,11:39:55,1009,238
2024-09-22,11:40:05,1008,238
2024-09-22,11:40:15,1009,237
2024-09-22,11:40:25,1010,237
2024-09-22,11:40:35,1009,238
2024-09-22,11:40:45,1009,238
2024-09-22,11:40:55,1009,238
2024-09-22,11:41:05,1010,238
2024-09-22,11:41:15,1009,239
2024-09-22,11:41:25,1009,238
2024-09-22,11:41:35,1009,238
2024-09-22,11:41:45,1009,238
2024-09-22,11:41:55,1009,238
2024-09-22,11:42:05,1009,238
2024-09-22,11:42:15,1009,237
2024-09-22,11:42:25,1009,238
2024-09-22,11:42:35,1008,237
2024-09-22,11:42:45,1009,237
2024-09-22,11:42:55,1009,237
2024-09-22,11:43:05,1009,237
2024-09-22,11:43:15,1009,237
2024-09-22,11:43:25,1009,237
2024-09-22,11:43:35,1009,237
2024-09-22,11:43:45,1009,237
2024-09-22,11:43:55,1009,237
2024-09-22,11:44:05,1009,237
2024-09-22,11:44:15,1009,237
2024-09-22,11:44:25,1009,237
2024-09-22,11:44:35,1009,236
2024-09-22,11:44:45,1010,236
2024-09-22,11:44:55,1008,236
2024-09-22,11:45:05,1008,237
2024-09-22,11:45:15,1008,236
2024-09-22,11:45:25,1008,236
2024-09-22,11:45:35,1008,236
2024-09-22,11:45:45,1008,236
2024-09-22,11:45:55,1009,236
2024-09-22,11:46:05,1009,236
2024-09-22,11:46:15,1009,236
2024-09-22,11:46:25,1009,236
2024-09-22,11:46:35,1009,236
2024-09-22,11:46:45,1008,236
2024-09-22,11:46:55,1009,235
2024-09-22,11:47:05,1008,235
2024-09-22,11:47:15,1009,235
2024-09-22,11:47:25,1009,235
2024-09-22,11:47:35,1009,235
2024-09-22,11:47:45,1008,234
2024-09-22,11:47:55,1009,234
2024-09-22,11:48:05,1009,234
2024-09-22,11:48:15,1009,234
2024-09-22,11:48:25,1009,235
2024-09-22,11:48:35,1009,234
2024-09-22,11:48:45,1009,234
2024-09-22,11:48:55,1009,234
2024-09-22,11:49:05,1008,234
2024-09-22,11:49:15,1009,234
2024-09-22,11:49:25,1009,234
2024-09-22,11:49:35,1009,233
2024-09-22,11:49:45,1009,233
2024-09-22,11:49:55,1009,234
2024-09-22,11:50:05,1009,233
2024-09-22,11:50:15,1009,234
2024-09-22,11:50:25,1008,234
2024-09-22,11:50:35,1008,233
2024-09-22,11:50:45,1009,233
2024-09-22,11:50:55,1009,233
2024-09-22,11:51:05,1008,233
2024-09-22,11:51:15,1009,234
2024-09-22,11:51:25,1009,234
2024-09-22,11:51:35,1009,233
2024-09-22,11:51:45,1009,233
2024-09-22,11:51:55,1009,233
2024-09-22,11:52:05,1009,233
2024-09-22,11:52:15,1009,233
2024-09-22,11:52:25,1009,233
2024-09-22,11:52:35,1009,233
2024-09-22,11:52:45,1009,233
2024-09-22,11:52:55,1008,233
2024-09-22,11:53:05,1009,233
2024-09-22,11:53:15,1009,233
2024-09-22,11:53:25,1009,233
2024-09-22,11:53:35,1009,233
2024-09-22,11:53:45,1009,232
2024-09-22,11:53:55,1009,232
2024-09-22,11:54:05,1009,232
2024-09-22,11:54:15,1009,232
2024-09-22,11:54:25,1009,232
2024-09-22,11:54:35,1009,232
2024-09-22,11:54:45,1009,232
2024-09-22,11:54:55,1009,232
2024-09-22,11:55:05,1009,232
2024-09-22,11:55:15,1009,232
2024-09-22,11:55:25,1008,232
2024-09-22,11:55:35,1008,232
2024-09-22,11:55:45,1009,232
2024-09-22,11:55:55,1009,232
2024-09-22,11:56:05,1008,232
2024-09-22,11:56:15,1008,232
2024-09-22,11:56:25,1008,232
2024-09-22,11:56:35,1009,232
2024-09-22,11:56:45,1010,231
2024-09-22,11:56:55,1009,231
2024-09-22,11:57:05,1010,230
2024-09-22,11:57:15,1008,231
2024-09-22,11:57:25,1008,231
2024-09-22,11:57:35,1009,231
2024-09-22,11:57:45,1009,231
2024-09-22,11:57:55,1008,231
2024-09-22,11:58:05,1009,231
2024-09-22,11:58:15,1009,231
2024-09-22,11:58:25,1008,231
2024-09-22,11:58:35,1008,232
2024-09-22,11:58:45,1008,232
2024-09-22,11:58:55,1008,231
2024-09-22,11:59:05,1008,231
2024-09-22,11:59:15,1008,231
2024-09-22,11:59:25,1008,231
2024-09-22,11:59:35,1008,230
2024-09-22,11:59:45,1008,230
2024-09-22,11:59:55,1008,230
2024-09-22,12:00:06,1008,230
2024-09-22,12:00:16,1008,230
2024-09-22,12:00:26,1008,230
2024-09-22,12:00:36,1008,230
2024-09-22,12:00:46,1008,230
2024-09-22,12:00:56,1008,230
2024-09-22,12:01:06,1008,230
2024-09-22,12:01:16,1008,229
2024-09-22,12:01:26,1008,229
2024-09-22,12:01:36,1008,230
2024-09-22,12:01:46,1008,230
2024-09-22,12:01:56,1008,229
2024-09-22,12:02:06,1008,229
2024-09-22,12:02:16,1008,229
2024-09-22,12:02:26,1008,230
2024-09-22,12:02:36,1008,230
2024-09-22,12:02:46,1009,230
2024-09-22,12:02:56,1008,230
2024-09-22,12:03:06,1009,229
2024-09-22,12:03:16,1009,230
2024-09-22,12:03:26,1008,230
2024-09-22,12:03:36,1009,229
2024-09-22,12:03:46,1009,230
2024-09-22,12:03:56,1009,229
2024-09-22,12:04:06,1008,229
2024-09-22,12:04:16,1009,229
2024-09-22,12:04:26,1009,229
2024-09-22,12:04:36,1009,229
2024-09-22,12:04:46,1009,229
2024-09-22,12:04:56,1009,229
2024-09-22,12:05:06,1009,229
2024-09-22,12:05:16,1009,229
2024-09-22,12:05:26,1009,229
2024-09-22,12:05:36,1009,229
2024-09-22,12:05:46,1008,230
2024-09-22,12:05:56,1009,229
2024-09-22,12:06:06,1009,229
2024-09-22,12:06:16,1009,229
2024-09-22,12:06:26,1009,229
2024-09-22,12:06:36,1008,229
2024-09-22,12:06:46,1008,229
2024-09-22,12:06:56,1008,229
2024-09-22,12:07:06,1008,229
2024-09-22,12:07:16,1008,229
2024-09-22,12:07:26,1008,229
2024-09-22,12:07:36,1008,228
2024-09-22,12:07:46,1008,228
2024-09-22,12:07:56,1009,228
2024-09-22,12:08:06,1008,229
2024-09-22,12:08:16,1008,228
2024-09-22,12:08:26,1009,228
2024-09-22,12:08:36,1009,228
2024-09-22,12:08:46,1009,228
2024-09-22,12:08:56,1009,229
2024-09-22,12:09:06,1009,228
2024-09-22,12:09:16,1009,228
2024-09-22,12:09:26,1009,228
2024-09-22,12:09:36,1009,228
2024-09-22,12:09:46,1008,228
2024-09-22,12:09:56,1009,228
2024-09-22,12:10:06,1009,229
2024-09-22,12:10:16,1009,229
2024-09-22,12:10:26,1008,228
2024-09-22,12:10:36,1008,228
2024-09-22,12:10:46,1008,228
2024-09-22,12:10:56,1008,228
2024-09-22,12:11:06,1009,229
2024-09-22,12:11:16,1008,228
2024-09-22,12:11:26,1008,228
2024-09-22,12:11:36,1009,228
2024-09-22,12:11:46,1009,228
2024-09-22,12:11:56,1008,228
2024-09-22,12:12:06,1008,228
2024-09-22,12:12:16,1008,228
2024-09-22,12:12:26,1009,228
2024-09-22,12:12:36,1008,228
2024-09-22,12:12:46,1008,228
2024-09-22,12:12:56,1009,228
2024-09-22,12:13:06,1009,228
2024-09-22,12:13:16,1009,228
2024-09-22,12:13:26,1008,228
2024-09-22,12:13:36,1009,228
2024-09-22,12:13:46,1008,228
2024-09-22,12:13:56,1009,228
2024-09-22,12:14:06,1009,228
2024-09-22,12:14:16,1009,228
2024-09-22,12:14:26,1009,228
2024-09-22,12:14:36,1009,228
2024-09-22,12:14:46,1009,228
2024-09-22,12:14:56,1009,228
2024-09-22,12:15:06,1008,228
2024-09-22,12:15:16,1009,228
2024-09-22,12:15:26,1009,229
2024-09-22,12:15:36,1009,229
2024-09-22,12:15:46,1008,229
2024-09-22,12:15:56,1009,229
2024-09-22,12:16:06,1009,229
2024-09-22,12:16:16,1009,228
2024-09-22,12:16:26,1008,228
2024-09-22,12:16:36,1009,228
2024-09-22,12:16:46,1009,228
2024-09-22,12:16:56,1009,227
2024-09-22,12:17:06,1009,227
2024-09-22,12:17:16,1008,227
2024-09-22,12:17:26,1008,226
2024-09-22,12:17:36,1009,227
2024-09-22,12:17:46,1008,226
2024-09-22,12:17:56,1008,226
2024-09-22,12:18:06,1009,226
2024-09-22,12:18:16,1009,226
2024-09-22,12:18:26,1009,226
2024-09-22,12:18:36,1010,226
2024-09-22,12:18:46,1009,226
2024-09-22,12:18:56,1009,226
2024-09-22,12:19:06,1009,226
2024-09-22,12:19:16,1009,226
2024-09-22,12:19:26,1009,226
2024-09-22,12:19:36,1008,226
2024-09-22,12:19:46,1009,226
2024-09-22,12:19:56,1009,226
2024-09-22,12:20:06,1009,226
2024-09-22,12:20:16,1009,226
2024-09-22,12:20:26,1008,226
2024-09-22,12:20:36,1009,226
2024-09-22,12:20:46,1009,226
2024-09-22,12:20:57,1009,226
2024-09-22,12:21:07,1009,226
2024-09-22,12:21:17,1008,226
2024-09-22,12:21:27,1009,226
2024-09-22,12:21:37,1008,226
2024-09-22,12:21:47,1008,226
2024-09-22,12:21:57,1009,226
2024-09-22,12:22:07,1009,226
2024-09-22,12:22:17,1009,226
2024-09-22,12:22:27,1008,226
2024-09-22,12:22:37,1009,226
2024-09-22,12:22:47,1008,225
2024-09-22,12:22:57,1008,225
2024-09-22,12:23:07,1009,226
2024-09-22,12:23:17,1009,226
2024-09-22,12:23:27,1008,226
2024-09-22,12:23:37,1009,226
2024-09-22,12:23:47,1008,226
2024-09-22,12:23:57,1009,226
2024-09-22,12:24:07,1009,226
2024-09-22,12:24:17,1009,226
2024-09-22,12:24:27,1009,226
2024-09-22,12:24:37,1009,225
2024-09-22,12:24:47,1009,227
2024-09-22,12:24:57,1009,227
2024-09-22,12:25:07,1008,227
2024-09-22,12:25:17,1008,227
2024-09-22,12:25:27,1008,226
2024-09-22,12:25:37,1008,226
2024-09-22,12:25:47,1008,226
2024-09-22,12:25:57,1009,226
2024-09-22,12:26:07,1009,226
2024-09-22,12:26:17,1009,226
2024-09-22,12:26:27,1009,226
2024-09-22,12:26:37,1009,226
2024-09-22,12:26:47,1009,225
2024-09-22,12:26:57,1008,225
2024-09-22,12:27:07,1008,225
2024-09-22,12:27:17,1008,226
2024-09-22,12:27:27,1009,226
2024-09-22,12:27:37,1009,225
2024-09-22,12:27:47,1008,225
2024-09-22,12:27:57,1008,225
2024-09-22,12:28:07,1009,225
2024-09-22,12:28:17,1009,225
2024-09-22,12:28:27,1009,225
2024-09-22,12:28:37,1009,225
2024-09-22,12:28:47,1009,225
2024-09-22,12:28:57,1009,225
2024-09-22,12:29:07,1009,226
2024-09-22,12:29:17,1008,225
2024-09-22,12:29:27,1008,225
2024-09-22,12:29:37,1008,225
2024-09-22,12:29:47,1008,225
2024-09-22,12:29:57,1008,225
2024-09-22,12:30:07,1008,225
2024-09-22,12:30:17,1009,225
2024-09-22,12:30:27,1009,225
2024-09-22,12:30:37,1009,225
2024-09-22,12:30:47,1009,225
2024-09-22,12:30:57,1008,225
2024-09-22,12:31:07,1008,225
2024-09-22,12:31:17,1009,225
2024-09-22,12:31:27,1008,225
2024-09-22,12:31:37,1009,225
2024-09-22,12:31:47,1009,225
2024-09-22,12:31:57,1009,225
2024-09-22,12:32:07,1009,225
2024-09-22,12:32:17,1009,225
2024-09-22,12:32:27,1008,225
2024-09-22,12:32:37,1009,225
2024-09-22,12:32:47,1008,225
2024-09-22,12:32:57,1009,225
2024-09-22,12:33:07,1009,225
2024-09-22,12:33:17,1009,225
2024-09-22,12:33:27,1009,225
2024-09-22,12:33:37,1009,225
2024-09-22,12:33:47,1009,225
2024-09-22,12:33:57,1009,225
2024-09-22,12:34:07,1009,225
2024-09-22,12:34:17,1009,225
2024-09-22,12:34:27,1009,225
2024-09-22,12:34:37,1009,225
2024-09-22,12:34:47,1009,225
2024-09-22,12:34:57,1008,225
2024-09-22,12:35:07,1009,224
2024-09-22,12:35:17,1009,224
2024-09-22,12:35:27,1009,224
2024-09-22,12:35:37,1009,224
2024-09-22,12:35:47,1009,224
2024-09-22,12:35:57,1009,224
2024-09-22,12:36:07,1009,224
2024-09-22,12:36:17,1009,225
2024-09-22,12:36:27,1009,225
2024-09-22,12:36:37,1009,225
2024-09-22,12:36:47,1009,225
2024-09-22,12:36:57,1009,225
2024-09-22,12:37:07,1009,224
2024-09-22,12:37:17,1009,224
2024-09-22,12:37:27,1009,224
2024-09-22,12:37:37,1009,224
2024-09-22,12:37:47,1009,224
2024-09-22,12:37:57,1009,224
2024-09-22,12:38:07,1009,224
2024-09-22,12:38:17,1009,224
2024-09-22,12:38:27,1009,224
2024-09-22,12:38:37,1009,224
2024-09-22,12:38:47,1009,224
2024-09-22,12:38:57,1009,224
2024-09-22,12:39:07,1009,224
2024-09-22,12:39:17,1009,223
2024-09-22,12:39:27,1009,224
2024-09-22,12:39:37,1009,224
2024-09-22,12:39:47,1009,224
2024-09-22,12:39:57,1009,224
2024-09-22,12:40:07,1009,223
2024-09-22,12:40:17,1009,224
2024-09-22,12:40:27,1009,224
2024-09-22,12:40:37,1009,224
2024-09-22,12:40:47,1008,224
2024-09-22,12:40:57,1008,224
2024-09-22,12:41:07,1009,224
2024-09-22,12:41:17,1008,224
2024-09-22,12:41:27,1008,224
2024-09-22,12:41:37,1008,224
2024-09-22,12:41:48,1008,224
2024-09-22,12:41:58,1008,224
2024-09-22,12:42:08,1008,224
2024-09-22,12:42:18,1008,223
2024-09-22,12:42:28,1008,223
2024-09-22,12:42:38,1009,223
2024-09-22,12:42:48,1009,223
2024-09-22,12:42:58,1009,223
2024-09-22,12:43:08,1009,223
2024-09-22,12:43:18,1009,223
2024-09-22,12:43:28,1009,223
2024-09-22,12:43:38,1009,223
2024-09-22,12:43:48,1009,223
2024-09-22,12:43:58,1008,223
2024-09-22,12:44:08,1008,223
2024-09-22,12:44:18,1008,223
2024-09-22,12:44:28,1009,223
2024-09-22,12:44:38,1008,223
2024-09-22,12:44:48,1008,223
2024-09-22,12:44:58,1008,223
2024-09-22,12:45:08,1009,223
2024-09-22,12:45:18,1009,223
2024-09-22,12:45:28,1009,222
2024-09-22,12:45:38,1008,222
2024-09-22,12:45:48,1009,222
2024-09-22,12:45:58,1009,222
2024-09-22,12:46:08,1008,222
2024-09-22,12:46:18,1009,222
2024-09-22,12:46:28,1008,222
2024-09-22,12:46:38,1009,222
2024-09-22,12:46:48,1008,222
2024-09-22,12:46:58,1009,222
2024-09-22,12:47:08,1008,222
2024-09-22,12:47:18,1008,222
2024-09-22,12:47:28,1008,222
2024-09-22,12:47:38,1008,222
2024-09-22,12:47:48,1009,222
2024-09-22,12:47:58,1008,222
2024-09-22,12:48:08,1009,222
2024-09-22,12:48:18,1009,221
2024-09-22,12:48:28,1009,222
2024-09-22,12:48:38,1008,221
2024-09-22,12:48:48,1009,222
2024-09-22,12:48:58,1009,222
2024-09-22,12:49:08,1009,222
2024-09-22,12:49:18,1009,221
2024-09-22,12:49:28,1009,221
2024-09-22,12:49:38,1009,221
2024-09-22,12:49:48,1009,221
2024-09-22,12:49:58,1009,221
2024-09-22,12:50:08,1009,221
2024-09-22,12:50:18,1009,221
2024-09-22,12:50:28,1009,221
2024-09-22,12:50:38,1009,221
2024-09-22,12:50:48,1009,221
2024-09-22,12:50:58,1009,221
2024-09-22,12:51:08,1009,222
2024-09-22,12:51:18,1009,222
2024-09-22,12:51:28,1009,222
2024-09-22,12:51:38,1010,221
2024-09-22,12:51:48,1009,221
2024-09-22,12:51:58,1009,221
2024-09-22,12:52:08,1009,221
2024-09-22,12:52:18,1009,221
2024-09-22,12:52:28,1009,221
2024-09-22,12:52:38,1009,221
2024-09-22,12:52:48,1008,221
2024-09-22,12:52:58,1008,221
2024-09-22,12:53:08,1008,221
2024-09-22,12:53:18,1009,221
2024-09-22,12:53:28,1009,221
2024-09-22,12:53:38,1009,221
2024-09-22,12:53:48,1008,221
2024-09-22,12:53:58,1009,221
2024-09-22,12:54:08,1009,221
2024-09-22,12:54:18,1009,221
2024-09-22,12:54:28,1009,221
2024-09-22,12:54:38,1008,221
2024-09-22,12:54:48,1009,221
2024-09-22,12:54:58,1008,221
2024-09-22,12:55:08,1008,220
2024-09-22,12:55:18,1008,221
2024-09-22,12:55:28,1009,222
2024-09-22,12:55:38,1009,221
2024-09-22,12:55:48,1009,221
2024-09-22,12:55:58,1008,222
2024-09-22,12:56:08,1008,221
2024-09-22,12:56:18,1009,221
2024-09-22,12:56:28,1009,221
2024-09-22,12:56:38,1009,221
2024-09-22,12:56:48,1008,221
2024-09-22,12:56:58,1009,221
2024-09-22,12:57:08,1008,221
2024-09-22,12:57:18,1009,221
2024-09-22,12:57:28,1008,220
2024-09-22,12:57:38,1008,220
2024-09-22,12:57:48,1009,220
2024-09-22,12:57:58,1008,220
2024-09-22,12:58:08,1009,221
2024-09-22,12:58:18,1008,220
2024-09-22,12:58:28,1009,220
2024-09-22,12:58:38,1008,220
2024-09-22,12:58:48,1009,220
2024-09-22,12:58:58,1009,220
2024-09-22,12:59:08,1009,220
2024-09-22,12:59:18,1009,220
2024-09-22,12:59:28,1009,220
2024-09-22,12:59:38,1008,220
2024-09-22,12:59:48,1009,220
2024-09-22,12:59:58,1008,220
2024-09-22,13:00:08,1009,220
2024-09-22,13:00:18,1008,220
2024-09-22,13:00:28,1009,220
2024-09-22,13:00:38,1009,220
2024-09-22,13:00:48,1009,220
2024-09-22,13:00:58,1009,220
2024-09-22,13:01:08,1009,220
2024-09-22,13:01:18,1009,220
2024-09-22,13:01:28,1009,220
2024-09-22,13:01:38,1009,220
2024-09-22,13:01:48,1008,220
2024-09-22,13:01:58,1009,220
2024-09-22,13:02:08,1009,220
2024-09-22,13:02:18,1009,220
2024-09-22,13:02:28,1008,220
2024-09-22,13:02:39,1009,220
2024-09-22,13:02:49,1009,220
2024-09-22,13:02:59,1009,220
2024-09-22,13:03:09,1009,220
2024-09-22,13:03:19,1009,220
2024-09-22,13:03:29,1010,219
2024-09-22,13:03:39,1009,220
2024-09-22,13:03:49,1009,220
2024-09-22,13:03:59,1009,220
2024-09-22,13:04:09,1009,219
2024-09-22,13:04:19,1009,220
2024-09-22,13:04:29,1008,220
2024-09-22,13:04:39,1008,220
2024-09-22,13:04:49,1009,220
2024-09-22,13:04:59,1009,219
2024-09-22,13:05:09,1008,220
2024-09-22,13:05:19,1009,219
2024-09-22,13:05:29,1008,219
2024-09-22,13:05:39,1009,219
2024-09-22,13:05:49,1007,219
2024-09-22,13:05:59,1007,219
2024-09-22,13:06:09,900,220
2024-09-22,13:06:19,1008,220
2024-09-22,13:06:29,1009,219
2024-09-22,13:06:39,1008,219
2024-09-22,13:06:49,1009,219
2024-09-22,13:06:59,1008,219
2024-09-22,13:07:09,1010,218
2024-09-22,13:07:19,1008,219
2024-09-22,13:07:29,1009,219
2024-09-22,13:07:39,1008,219
2024-09-22,13:07:49,1008,219
2024-09-22,13:07:59,1009,219
2024-09-22,13:08:09,1008,219
2024-09-22,13:08:19,1009,219
2024-09-22,13:08:29,1008,219
2024-09-22,13:08:39,1008,219
2024-09-22,13:08:49,1009,218
2024-09-22,13:08:59,1009,219
2024-09-22,13:09:09,1009,219
2024-09-22,13:09:19,1009,219
2024-09-22,13:09:29,1009,219
2024-09-22,13:09:39,1009,218
2024-09-22,13:09:49,1009,218
2024-09-22,13:09:59,1009,218
2024-09-22,13:10:09,1009,219
2024-09-22,13:10:19,1009,219
2024-09-22,13:10:29,1009,219
2024-09-22,13:10:39,1008,218
2024-09-22,13:10:49,1009,219
2024-09-22,13:10:59,1009,218
2024-09-22,13:11:09,1009,219
2024-09-22,13:11:19,1009,218
2024-09-22,13:11:29,1009,218
2024-09-22,13:11:39,1009,218
2024-09-22,13:11:49,1009,218
2024-09-22,13:11:59,1009,218
2024-09-22,13:12:09,1009,218
2024-09-22,13:12:19,1009,218
2024-09-22,13:12:29,1009,219
2024-09-22,13:12:39,1008,218
2024-09-22,13:12:49,1009,218
2024-09-22,13:12:59,1009,218
2024-09-22,13:13:09,1008,218
2024-09-22,13:13:19,1009,218
2024-09-22,13:13:29,1008,218
2024-09-22,13:13:39,1009,219
2024-09-22,13:13:49,1008,218
2024-09-22,13:13:59,1009,219
2024-09-22,13:14:09,1009,219
2024-09-22,13:14:19,1009,218
2024-09-22,13:14:29,1009,219
2024-09-22,13:14:39,1008,219
2024-09-22,13:14:49,1009,219
2024-09-22,13:14:59,1009,219
2024-09-22,13:15:09,1009,219
2024-09-22,13:15:19,1008,218
2024-09-22,13:15:29,1009,219
2024-09-22,13:15:39,1009,219
2024-09-22,13:15:49,1008,218
2024-09-22,13:15:59,1008,219
2024-09-22,13:16:09,1008,219
2024-09-22,13:16:19,1009,219
2024-09-22,13:16:29,1009,219
2024-09-22,13:16:39,1009,218
2024-09-22,13:16:49,1009,218
2024-09-22,13:16:59,1008,219
2024-09-22,13:17:09,1009,218
2024-09-22,13:17:19,1008,219
2024-09-22,13:17:29,1008,218
2024-09-22,13:17:39,1008,218
2024-09-22,13:17:49,1008,218
2024-09-22,13:17:59,1009,218
2024-09-22,13:18:09,1009,218
2024-09-22,13:18:19,1009,217
2024-09-22,13:18:29,1008,218
2024-09-22,13:18:39,1008,218
2024-09-22,13:18:49,1009,218
2024-09-22,13:18:59,1009,217
2024-09-22,13:19:09,1009,218
2024-09-22,13:19:19,1009,218
2024-09-22,13:19:29,1009,218
2024-09-22,13:19:39,1009,218
2024-09-22,13:19:49,1009,217
2024-09-22,13:19:59,1009,219
2024-09-22,13:20:09,1009,219
2024-09-22,13:20:19,1009,218
2024-09-22,13:20:29,1009,218
2024-09-22,13:20:39,1009,218
2024-09-22,13:20:49,1009,218
2024-09-22,13:20:59,1009,218
2024-09-22,13:21:09,1009,218
2024-09-22,13:21:19,1009,218
2024-09-22,13:21:29,1009,218
2024-09-22,13:21:39,1009,218
2024-09-22,13:21:49,1008,218
2024-09-22,13:21:59,1008,218
2024-09-22,13:22:09,1009,218
2024-09-22,13:22:19,1009,218
2024-09-22,13:22:29,1009,217
2024-09-22,13:22:39,1008,218
2024-09-22,13:22:49,1010,217
2024-09-22,13:22:59,1008,218
2024-09-22,13:23:09,1008,218
2024-09-22,13:23:19,1009,218
2024-09-22,13:23:30,1009,218
2024-09-22,13:23:40,1009,217
2024-09-22,13:23:50,1009,217
2024-09-22,13:24:00,1009,217
2024-09-22,13:24:10,1009,217
2024-09-22,13:24:20,1008,217
2024-09-22,13:24:30,1009,217
2024-09-22,13:24:40,1009,217
2024-09-22,13:24:50,1009,217
2024-09-22,13:25:00,1008,217
2024-09-22,13:25:10,1009,217
2024-09-22,13:25:20,1009,217
2024-09-22,13:25:30,1009,217
2024-09-22,13:25:40,1009,217
2024-09-22,13:25:50,1009,217
2024-09-22,13:26:00,1009,217
2024-09-22,13:26:10,1009,217
2024-09-22,13:26:20,1008,217
2024-09-22,13:26:30,1009,217
2024-09-22,13:26:40,1008,217
2024-09-22,13:26:50,1009,217
2024-09-22,13:27:00,1009,217
2024-09-22,13:27:10,1009,217
2024-09-22,13:27:20,1009,217
2024-09-22,13:27:30,1009,217
2024-09-22,13:27:40,1009,217
2024-09-22,13:27:50,1010,217
2024-09-22,13:28:00,1010,216
2024-09-22,13:28:10,1010,216
2024-09-22,13:28:20,1009,217
2024-09-22,13:28:30,1009,217
2024-09-22,13:28:40,1009,217
2024-09-22,13:28:50,1009,217
2024-09-22,13:29:00,1009,216
2024-09-22,13:29:10,1009,216
2024-09-22,13:29:20,1009,217
2024-09-22,13:29:30,1009,217
2024-09-22,13:29:40,1009,216
2024-09-22,13:29:50,1009,218
2024-09-22,13:30:00,1009,217
2024-09-22,13:30:10,1009,217
2024-09-22,13:30:20,1009,217
2024-09-22,13:30:30,1009,216
2024-09-22,13:30:40,1009,216
2024-09-22,13:30:50,1009,216
2024-09-22,13:31:00,1009,216
2024-09-22,13:31:10,1009,216
2024-09-22,13:31:20,1009,216
2024-09-22,13:31:30,1009,216
2024-09-22,13:31:40,1009,216
2024-09-22,13:31:50,1009,216
2024-09-22,13:32:00,1009,217
2024-09-22,13:32:10,1009,216
2024-09-22,13:32:20,1009,216
2024-09-22,13:32:30,1009,216
2024-09-22,13:32:40,1009,216
2024-09-22,13:32:50,1008,216
2024-09-22,13:33:00,1009,216
2024-09-22,13:33:10,1009,216
2024-09-22,13:33:20,1009,216
2024-09-22,13:33:30,1009,216
2024-09-22,13:33:40,1009,217
2024-09-22,13:33:50,1009,216
2024-09-22,13:34:00,1009,216
2024-09-22,13:34:10,1009,216
2024-09-22,13:34:20,1009,216
2024-09-22,13:34:30,1009,216
2024-09-22,13:34:40,1009,216
2024-09-22,13:34:50,1009,219
2024-09-22,13:35:00,1009,219
2024-09-22,13:35:10,1009,220
2024-09-22,13:35:20,1009,220
2024-09-22,13:35:30,1009,219
2024-09-22,13:35:40,1009,216
2024-09-22,13:35:50,1009,216
2024-09-22,13:36:00,1010,216
2024-09-22,13:36:10,1010,215
2024-09-22,13:36:20,1009,216
2024-09-22,13:36:30,1009,215
2024-09-22,13:36:40,1009,215
2024-09-22,13:36:50,1009,216
2024-09-22,13:37:00,1009,216
2024-09-22,13:37:10,1009,216
2024-09-22,13:37:20,1009,216
2024-09-22,13:37:30,1009,217
2024-09-22,13:37:40,1009,216
2024-09-22,13:37:50,1008,216
2024-09-22,13:38:00,1009,215
2024-09-22,13:38:10,1009,215
2024-09-22,13:38:20,1009,216
2024-09-22,13:38:30,1009,216
2024-09-22,13:38:40,1009,215
2024-09-22,13:38:50,1009,215
2024-09-22,13:39:00,1009,215
2024-09-22,13:39:10,1009,215
2024-09-22,13:39:20,1009,215
2024-09-22,13:39:30,1009,216
2024-09-22,13:39:40,1009,215
2024-09-22,13:39:50,1009,215
2024-09-22,13:40:00,1009,215
2024-09-22,13:40:10,1009,215
2024-09-22,13:40:20,1009,215
2024-09-22,13:40:30,1009,215
2024-09-22,13:40:40,1010,215
2024-09-22,13:40:50,1009,216
2024-09-22,13:41:00,1009,215
2024-09-22,13:41:10,1009,216
2024-09-22,13:41:20,1009,215
2024-09-22,13:41:30,1009,216
2024-09-22,13:41:40,1009,215
2024-09-22,13:41:50,1009,215
2024-09-22,13:42:00,1010,215
2024-09-22,13:42:10,1009,215
2024-09-22,13:42:20,1009,215
2024-09-22,13:42:30,1009,215
2024-09-22,13:42:40,1009,215
2024-09-22,13:42:50,1009,215
2024-09-22,13:43:00,1009,216
2024-09-22,13:43:10,1009,216
2024-09-22,13:43:20,1009,215
2024-09-22,13:43:30,1009,215
2024-09-22,13:43:40,1009,215
2024-09-22,13:43:50,1009,215
2024-09-22,13:44:00,1009,215
2024-09-22,13:44:10,1009,215
2024-09-22,13:44:20,1009,215
2024-09-22,13:44:31,1009,215
2024-09-22,13:44:41,1009,215
2024-09-22,13:44:51,1009,215
2024-09-22,13:45:01,1009,215
2024-09-22,13:45:11,1009,215
2024-09-22,13:45:21,1009,215
2024-09-22,13:45:31,1009,215
2024-09-22,13:45:41,1009,215
2024-09-22,13:45:51,1009,215
2024-09-22,13:46:01,1008,215
2024-09-22,13:46:11,1010,214
2024-09-22,13:46:21,1009,215
2024-09-22,13:46:31,1008,215
2024-09-22,13:46:41,1008,215
2024-09-22,13:46:51,1009,216
2024-09-22,13:47:01,1009,216
2024-09-22,13:47:11,1009,215
2024-09-22,13:47:21,1009,215
2024-09-22,13:47:31,1009,215
2024-09-22,13:47:41,1009,215
2024-09-22,13:47:51,1009,215
2024-09-22,13:48:01,1010,214
2024-09-22,13:48:11,1010,214
2024-09-22,13:48:21,1010,215
2024-09-22,13:48:31,1010,214
2024-09-22,13:48:41,1009,215
2024-09-22,13:48:51,1009,215
2024-09-22,13:49:01,1009,215
2024-09-22,13:49:11,1009,215
2024-09-22,13:49:21,1009,215
2024-09-22,13:49:31,1009,215
2024-09-22,13:49:41,1009,215
2024-09-22,13:49:51,1009,215
2024-09-22,13:50:01,1009,215
2024-09-22,13:50:11,1009,215
2024-09-22,13:50:21,1009,215
2024-09-22,13:50:31,1009,215
2024-09-22,13:50:41,1009,215
2024-09-22,13:50:51,1009,215
2024-09-22,13:51:01,1009,214
2024-09-22,13:51:11,1009,215
2024-09-22,13:51:21,1009,214
2024-09-22,13:51:31,1009,215
2024-09-22,13:51:41,1009,215
2024-09-22,13:51:51,1009,215
2024-09-22,13:52:01,1009,215
2024-09-22,13:52:11,1009,215
2024-09-22,13:52:21,1009,215
2024-09-22,13:52:31,1009,215
2024-09-22,13:52:41,1009,215
2024-09-22,13:52:51,1009,215
2024-09-22,13:53:01,1009,215
2024-09-22,13:53:11,1009,215
2024-09-22,13:53:21,1009,215
2024-09-22,13:53:31,1009,215
2024-09-22,13:53:41,1009,215
2024-09-22,13:53:51,1009,215
2024-09-22,13:54:01,1009,215
2024-09-22,13:54:11,1009,215
2024-09-22,13:54:21,1009,215
2024-09-22,13:54:31,1009,215
2024-09-22,13:54:41,1009,216
2024-09-22,13:54:51,1009,215
2024-09-22,13:55:01,1009,215
2024-09-22,13:55:11,1009,215
2024-09-22,13:55:21,1009,215
2024-09-22,13:55:31,1009,215
2024-09-22,13:55:41,1009,215
2024-09-22,13:55:51,1009,215
2024-09-22,13:56:01,1009,215
2024-09-22,13:56:11,1009,215
2024-09-22,13:56:21,1009,217
2024-09-22,13:56:31,1009,217
2024-09-22,13:56:41,1009,217
2024-09-22,13:56:51,1009,217
2024-09-22,13:57:01,1009,216
2024-09-22,13:57:11,1009,215
2024-09-22,13:57:21,1009,215
2024-09-22,13:57:31,1009,215
2024-09-22,13:57:41,1008,215
2024-09-22,13:57:51,1009,215
2024-09-22,13:58:01,1009,215
2024-09-22,13:58:11,1009,214
2024-09-22,13:58:21,1009,214
2024-09-22,13:58:31,1009,214
2024-09-22,13:58:41,1009,214
2024-09-22,13:58:51,1009,215
2024-09-22,13:59:01,1009,215
2024-09-22,13:59:11,1009,214
2024-09-22,13:59:21,1009,214
2024-09-22,13:59:31,1009,214
2024-09-22,13:59:41,1009,215
2024-09-22,13:59:51,1009,214
2024-09-22,14:00:01,1009,214
2024-09-22,14:00:11,1010,214
2024-09-22,14:00:21,1009,214
2024-09-22,14:00:31,1009,214
2024-09-22,14:00:41,1009,214
2024-09-22,14:00:51,1009,214
2024-09-22,14:01:01,1009,214
2024-09-22,14:01:11,1009,214
2024-09-22,14:01:21,1009,214
2024-09-22,14:01:31,1009,214
2024-09-22,14:01:41,1009,215
2024-09-22,14:01:51,1009,214
2024-09-22,14:02:01,1009,214
2024-09-22,14:02:11,1010,214
2024-09-22,14:02:21,1009,214
2024-09-22,14:02:31,1010,213
2024-09-22,14:02:41,1009,214
2024-09-22,14:02:51,1009,214
2024-09-22,14:03:01,1009,213
2024-09-22,14:03:11,1009,214
2024-09-22,14:03:21,1009,214
2024-09-22,14:03:31,1009,214
2024-09-22,14:03:41,1008,214
2024-09-22,14:03:51,1008,214
2024-09-22,14:04:01,1009,214
2024-09-22,14:04:11,1009,214
2024-09-22,14:04:21,1009,213
2024-09-22,14:04:31,1009,214
2024-09-22,14:04:41,1009,214
2024-09-22,14:04:51,1009,214
2024-09-22,14:05:01,1009,214
2024-09-22,14:05:11,1009,214
2024-09-22,14:05:22,1009,214
2024-09-22,14:05:32,1009,214
2024-09-22,14:05:42,1009,214
2024-09-22,14:05:52,1009,214
2024-09-22,14:06:02,1009,214
2024-09-22,14:06:12,1008,214
2024-09-22,14:06:22,1009,213
2024-09-22,14:06:32,1008,214
2024-09-22,14:06:42,1009,214
2024-09-22,14:06:52,1008,214
2024-09-22,14:07:02,1009,214
2024-09-22,14:07:12,1008,214
2024-09-22,14:07:22,1008,213
2024-09-22,14:07:32,1008,213
2024-09-22,14:07:42,1008,213
2024-09-22,14:07:52,1008,213
2024-09-22,14:08:02,1008,213
2024-09-22,14:08:12,1009,213
2024-09-22,14:08:22,1008,213
2024-09-22,14:08:32,1009,213
2024-09-22,14:08:42,1009,214
2024-09-22,14:08:52,1009,214
2024-09-22,14:09:02,1009,214
2024-09-22,14:09:12,1009,213
2024-09-22,14:09:22,1009,214
2024-09-22,14:09:32,1009,214
2024-09-22,14:09:42,1008,214
2024-09-22,14:09:52,1009,214
2024-09-22,14:10:02,1009,214
2024-09-22,14:10:12,1009,213
2024-09-22,14:10:22,1009,214
2024-09-22,14:10:32,1008,213
2024-09-22,14:10:42,1008,214
2024-09-22,14:10:52,1009,213
2024-09-22,14:11:02,1009,213
2024-09-22,14:11:12,1009,213
2024-09-22,14:11:22,1009,213
2024-09-22,14:11:32,1009,213
2024-09-22,14:11:42,1009,213
2024-09-22,14:11:52,1009,213
2024-09-22,14:12:02,1008,213
2024-09-22,14:12:12,1009,213
2024-09-22,14:12:22,1009,213
2024-09-22,14:12:32,1009,213
2024-09-22,14:12:42,1008,213
2024-09-22,14:12:52,1009,213
2024-09-22,14:13:02,1008,213
2024-09-22,14:13:12,1008,213
2024-09-22,14:13:22,1009,213
2024-09-22,14:13:32,1008,213
2024-09-22,14:13:42,1008,213
2024-09-22,14:13:52,1009,213
2024-09-22,14:14:02,1009,213
2024-09-22,14:14:12,1008,212
2024-09-22,14:14:22,1009,213
2024-09-22,14:14:32,1008,214
2024-09-22,14:14:42,1009,213
2024-09-22,14:14:52,1009,213
2024-09-22,14:15:02,1009,212
2024-09-22,14:15:12,1010,212
2024-09-22,14:15:22,1010,212
2024-09-22,14:15:32,1009,212
2024-09-22,14:15:42,1010,212
2024-09-22,14:15:52,1009,212
2024-09-22,14:16:02,1009,212
2024-09-22,14:16:12,1009,212
2024-09-22,14:16:22,1009,212
2024-09-22,14:16:32,1009,212
2024-09-22,14:16:42,1009,212
2024-09-22,14:16:52,1009,212
2024-09-22,14:17:02,1009,212
2024-09-22,14:17:12,1009,212
2024-09-22,14:17:22,1009,212
2024-09-22,14:17:32,1009,212
2024-09-22,14:17:42,1009,212
2024-09-22,14:17:52,1009,212
2024-09-22,14:18:02,1009,212
2024-09-22,14:18:12,1009,212
2024-09-22,14:18:22,1009,212
2024-09-22,14:18:32,1008,211
2024-09-22,14:18:42,1009,212
2024-09-22,14:18:52,1009,212
2024-09-22,14:19:02,1009,212
2024-09-22,14:19:12,1009,212
2024-09-22,14:19:22,1009,212
2024-09-22,14:19:32,1009,212
2024-09-22,14:19:42,1009,212
2024-09-22,14:19:52,1009,212
2024-09-22,14:20:02,1009,212
2024-09-22,14:20:12,1009,212
2024-09-22,14:20:22,1009,212
2024-09-22,14:20:32,1009,212
2024-09-22,14:20:42,1009,212
2024-09-22,14:20:52,1009,212
2024-09-22,14:21:02,1009,212
2024-09-22,14:21:12,1009,212
2024-09-22,14:21:22,1009,212
2024-09-22,14:21:32,1009,212
2024-09-22,14:21:42,1010,211
2024-09-22,14:21:52,1009,212
2024-09-22,14:22:02,1009,212
2024-09-22,14:22:12,1009,212
2024-09-22,14:22:22,1009,212
2024-09-22,14:22:32,1010,211
2024-09-22,14:22:42,1009,212
2024-09-22,14:22:52,1010,211
2024-09-22,14:23:02,1009,211
2024-09-22,14:23:12,1008,212
2024-09-22,14:23:22,1008,212
2024-09-22,14:23:32,1008,212
2024-09-22,14:23:42,1008,212
2024-09-22,14:23:52,1009,212
2024-09-22,14:24:02,1009,212
2024-09-22,14:24:12,1008,212
2024-09-22,14:24:22,1008,212
2024-09-22,14:24:32,1009,212
2024-09-22,14:24:42,1008,212
2024-09-22,14:24:52,1008,212
2024-09-22,14:25:02,1008,212
2024-09-22,14:25:12,1009,212
2024-09-22,14:25:22,1008,212
2024-09-22,14:25:32,1008,212
2024-09-22,14:25:42,1008,212
2024-09-22,14:25:52,1008,212
2024-09-22,14:26:02,1009,212
2024-09-22,14:26:12,1008,211
2024-09-22,14:26:23,1009,212
2024-09-22,14:26:33,1008,211
2024-09-22,14:26:43,1009,212
2024-09-22,14:26:53,1008,211
2024-09-22,14:27:03,1008,212
2024-09-22,14:27:13,1008,211
2024-09-22,14:27:23,1009,212
2024-09-22,14:27:33,1008,212
2024-09-22,14:27:43,1009,212
2024-09-22,14:27:53,1008,212
2024-09-22,14:28:03,1008,212
2024-09-22,14:28:13,1008,211
2024-09-22,14:28:23,1009,212
2024-09-22,14:28:33,1008,211
2024-09-22,14:28:43,1008,212
2024-09-22,14:28:53,1009,211
2024-09-22,14:29:03,1008,211
2024-09-22,14:29:13,1009,215
2024-09-22,14:29:23,1008,211
2024-09-22,14:29:33,1008,211
2024-09-22,14:29:43,1008,211
2024-09-22,14:29:53,1008,211
2024-09-22,14:30:03,1008,211
2024-09-22,14:30:13,1009,211
2024-09-22,14:30:23,1008,211
2024-09-22,14:30:33,1008,211
2024-09-22,14:30:43,1009,211
2024-09-22,14:30:53,1008,211
2024-09-22,14:31:03,1008,211
2024-09-22,14:31:13,1008,211
2024-09-22,14:31:23,1008,211
2024-09-22,14:31:33,1008,211
2024-09-22,14:31:43,1009,211
2024-09-22,14:31:53,1009,211
2024-09-22,14:32:03,1009,211
2024-09-22,14:32:13,1008,211
2024-09-22,14:32:23,1009,211
2024-09-22,14:32:33,1009,211
2024-09-22,14:32:43,1009,212
2024-09-22,14:32:53,1008,211
2024-09-22,14:33:03,1009,211
2024-09-22,14:33:13,1009,211
2024-09-22,14:33:23,1008,211
2024-09-22,14:33:33,1009,211
2024-09-22,14:33:43,1009,210
2024-09-22,14:33:53,1009,211
2024-09-22,14:34:03,1009,211
2024-09-22,14:34:13,1009,211
2024-09-22,14:34:23,1009,211
2024-09-22,14:34:33,1009,211
2024-09-22,14:34:43,1009,211
2024-09-22,14:34:53,1009,211
2024-09-22,14:35:03,1009,211
2024-09-22,14:35:13,1009,211
2024-09-22,14:35:23,1009,211
2024-09-22,14:35:33,1009,211
2024-09-22,14:35:43,1009,211
2024-09-22,14:35:53,1009,211
2024-09-22,14:36:03,1009,211
2024-09-22,14:36:13,1009,210
2024-09-22,14:36:23,1009,210
2024-09-22,14:36:33,1009,210
2024-09-22,14:36:43,1009,210
2024-09-22,14:36:53,1009,210
2024-09-22,14:37:03,1009,211
2024-09-22,14:37:13,1009,210
2024-09-22,14:37:23,1009,210
2024-09-22,14:37:33,1009,210
2024-09-22,14:37:43,1009,210
2024-09-22,14:37:53,1009,210
2024-09-22,14:38:03,1009,210
2024-09-22,14:38:13,1009,210
2024-09-22,14:38:23,1009,210
2024-09-22,14:38:33,1009,210
2024-09-22,14:38:43,1009,210
2024-09-22,14:38:53,1009,211
2024-09-22,14:39:03,1009,210
2024-09-22,14:39:13,1009,210
2024-09-22,14:39:23,1009,210
2024-09-22,14:39:33,1009,210
2024-09-22,14:39:43,1008,210
2024-09-22,14:39:53,1008,210
2024-09-22,14:40:03,1009,210
2024-09-22,14:40:13,1008,210
2024-09-22,14:40:23,1009,210
2024-09-22,14:40:33,1009,210
2024-09-22,14:40:43,1009,210
2024-09-22,14:40:53,1009,210
2024-09-22,14:41:03,1009,210
2024-09-22,14:41:13,1009,210
2024-09-22,14:41:23,1009,210
2024-09-22,14:41:33,1009,210
2024-09-22,14:41:43,1009,210
2024-09-22,14:41:53,1009,210
2024-09-22,14:42:03,1009,210
2024-09-22,14:42:13,1009,209
2024-09-22,14:42:23,1009,210
2024-09-22,14:42:33,1009,210
2024-09-22,14:42:43,1009,210
2024-09-22,14:42:53,1009,210
2024-09-22,14:43:03,1009,210
2024-09-22,14:43:13,1009,210
2024-09-22,14:43:23,1009,209
2024-09-22,14:43:33,1009,210
2024-09-22,14:43:43,1009,210
2024-09-22,14:43:53,1009,210
2024-09-22,14:44:03,1009,210
2024-09-22,14:44:13,1009,209
2024-09-22,14:44:23,1009,209
2024-09-22,14:44:33,1009,209
2024-09-22,14:44:43,1009,210
2024-09-22,14:44:53,1009,209
2024-09-22,14:45:03,1009,209
2024-09-22,14:45:13,1009,209
2024-09-22,14:45:23,1009,209
2024-09-22,14:45:33,1009,209
2024-09-22,14:45:43,1009,209
2024-09-22,14:45:53,1009,209
2024-09-22,14:46:03,1009,210
2024-09-22,14:46:13,1009,210
2024-09-22,14:46:23,1009,209
2024-09-22,14:46:33,1009,209
2024-09-22,14:46:43,1009,209
2024-09-22,14:46:53,1009,209
2024-09-22,14:47:03,1009,209
2024-09-22,14:47:14,1009,209
2024-09-22,14:47:24,1009,209
2024-09-22,14:47:34,1009,209
2024-09-22,14:47:44,1009,209
2024-09-22,14:47:54,1009,209
2024-09-22,14:48:04,1009,209
2024-09-22,14:48:14,1009,209
2024-09-22,14:48:24,1009,209
2024-09-22,14:48:34,1009,209
2024-09-22,14:48:44,1009,209
2024-09-22,14:48:54,1009,209
2024-09-22,14:49:04,1009,209
2024-09-22,14:49:14,1009,209
2024-09-22,14:49:24,1009,209
2024-09-22,14:49:34,1009,209
2024-09-22,14:49:44,1009,209
2024-09-22,14:49:54,1009,209
2024-09-22,14:50:04,1009,209
2024-09-22,14:50:14,1009,209
2024-09-22,14:50:24,1009,209
2024-09-22,14:50:34,1009,209
2024-09-22,14:50:44,1009,209
2024-09-22,14:50:54,1009,209
2024-09-22,14:51:04,1009,209
2024-09-22,14:51:14,1009,209
2024-09-22,14:51:24,1009,209
2024-09-22,14:51:34,1009,209
2024-09-22,14:51:44,1009,209
2024-09-22,14:51:54,1009,209
2024-09-22,14:52:04,1009,209
2024-09-22,14:52:14,1009,208
2024-09-22,14:52:24,1009,208
2024-09-22,14:52:34,1009,209
2024-09-22,14:52:44,1009,209
2024-09-22,14:52:54,1009,208
2024-09-22,14:53:04,1009,209
2024-09-22,14:53:14,1009,209
2024-09-22,14:53:24,1008,209
2024-09-22,14:53:34,1009,209
2024-09-22,14:53:44,1008,209
2024-09-22,14:53:54,1009,209
2024-09-22,14:54:04,1008,209
2024-09-22,14:54:14,1008,209
2024-09-22,14:54:24,1008,209
2024-09-22,14:54:34,1008,209
2024-09-22,14:54:44,1008,209
2024-09-22,14:54:54,1008,209
2024-09-22,14:55:04,1008,209
2024-09-22,14:55:14,1008,209
2024-09-22,14:55:24,1009,209
2024-09-22,14:55:34,1008,209
2024-09-22,14:55:44,1008,209
2024-09-22,14:55:54,1008,209
2024-09-22,14:56:04,1008,209
2024-09-22,14:56:14,1009,209
2024-09-22,14:56:24,1008,209
2024-09-22,14:56:34,1008,209
2024-09-22,14:56:44,1008,209
2024-09-22,14:56:54,1008,209
2024-09-22,14:57:04,1008,209
2024-09-22,14:57:14,1008,209
2024-09-22,14:57:24,1008,210
2024-09-22,14:57:34,1009,210
2024-09-22,14:57:44,1008,210
2024-09-22,14:57:54,1008,210
2024-09-22,14:58:04,1008,210
2024-09-22,14:58:14,1008,210
2024-09-22,14:58:24,1008,210
2024-09-22,14:58:34,1008,210
2024-09-22,14:58:44,1008,210
2024-09-22,14:58:54,1009,210
2024-09-22,14:59:04,1009,210
2024-09-22,14:59:14,1009,210
2024-09-22,14:59:24,1008,210
2024-09-22,14:59:34,1008,210
2024-09-22,14:59:44,1009,210
2024-09-22,14:59:54,1009,210
2024-09-22,15:00:04,1009,210
2024-09-22,15:00:14,1009,210
2024-09-22,15:00:24,1008,210
2024-09-22,15:00:34,1009,210
2024-09-22,15:00:44,1008,210
2024-09-22,15:00:54,1008,210
2024-09-22,15:01:04,1008,210
2024-09-22,15:01:14,1009,210
2024-09-22,15:01:24,1009,210
2024-09-22,15:01:34,1009,210
2024-09-22,15:01:44,1009,210
2024-09-22,15:01:54,1008,209
2024-09-22,15:02:04,1009,210
2024-09-22,15:02:14,1009,209
2024-09-22,15:02:24,1009,210
2024-09-22,15:02:34,1009,209
2024-09-22,15:02:44,1009,209
2024-09-22,15:02:54,1009,209
2024-09-22,15:03:04,1009,209
2024-09-22,15:03:14,1008,209
2024-09-22,15:03:24,1008,209
2024-09-22,15:03:34,1008,210
2024-09-22,15:03:44,1008,209
2024-09-22,15:03:54,1009,209
2024-09-22,15:04:04,1009,210
2024-09-22,15:04:14,1008,210
2024-09-22,15:04:24,1008,210
2024-09-22,15:04:34,1008,209
2024-09-22,15:04:44,1008,209
2024-09-22,15:04:54,1009,209
2024-09-22,15:05:04,1009,209
2024-09-22,15:05:14,1008,209
2024-09-22,15:05:24,1009,209
2024-09-22,15:05:34,1008,209
2024-09-22,15:05:44,1009,209
2024-09-22,15:05:54,1008,209
2024-09-22,15:06:04,1009,209
2024-09-22,15:06:14,1009,209
2024-09-22,15:06:24,1009,209
2024-09-22,15:06:34,1009,209
2024-09-22,15:06:44,1009,209
2024-09-22,15:06:54,1009,209
2024-09-22,15:07:04,1009,209
2024-09-22,15:07:14,1009,209
2024-09-22,15:07:24,1009,209
2024-09-22,15:07:34,1009,209
2024-09-22,15:07:44,1009,209
2024-09-22,15:07:54,1009,209
2024-09-22,15:08:04,1009,209
2024-09-22,15:08:15,1009,209
2024-09-22,15:08:25,1009,209
2024-09-22,15:08:35,1009,208
2024-09-22,15:08:45,1009,209
2024-09-22,15:08:55,1010,208
2024-09-22,15:09:05,1009,209
2024-09-22,15:09:15,1009,209
2024-09-22,15:09:25,1009,209
2024-09-22,15:09:35,1008,209
2024-09-22,15:09:45,1008,209
2024-09-22,15:09:55,1009,209
2024-09-22,15:10:05,1009,209
2024-09-22,15:10:15,1009,209
2024-09-22,15:10:25,1009,209
2024-09-22,15:10:35,1009,209
2024-09-22,15:10:45,1009,210
2024-09-22,15:10:55,1009,210
2024-09-22,15:11:05,1009,209
2024-09-22,15:11:15,1009,209
2024-09-22,15:11:25,1009,209
2024-09-22,15:11:35,1009,209
2024-09-22,15:11:45,1009,210
2024-09-22,15:11:55,1009,210
2024-09-22,15:12:05,1010,209
2024-09-22,15:12:15,1009,209
2024-09-22,15:12:25,1009,210
2024-09-22,15:12:35,1009,209
2024-09-22,15:12:45,1009,209
2024-09-22,15:12:55,1009,209
2024-09-22,15:13:05,1009,210
2024-09-22,15:13:15,1009,210
2024-09-22,15:13:25,1009,210
2024-09-22,15:13:35,1009,210
2024-09-22,15:13:45,1009,210
2024-09-22,15:13:55,1009,210
2024-09-22,15:14:05,1009,210
2024-09-22,15:14:15,1009,210
2024-09-22,15:14:25,1009,209
2024-09-22,15:14:35,1009,209
2024-09-22,15:14:45,1009,209
2024-09-22,15:14:55,1009,209
2024-09-22,15:15:05,1009,209
2024-09-22,15:15:15,1009,209
2024-09-22,15:15:25,1009,209
2024-09-22,15:15:35,1009,209
2024-09-22,15:15:45,1009,209
2024-09-22,15:15:55,1009,209
2024-09-22,15:16:05,1009,209
2024-09-22,15:16:15,1009,209
2024-09-22,15:16:25,1009,209
2024-09-22,15:16:35,1009,209
2024-09-22,15:16:45,1009,209
2024-09-22,15:16:55,1009,209
2024-09-22,15:17:05,1009,208
2024-09-22,15:17:15,1009,208
2024-09-22,15:17:25,1009,209
2024-09-22,15:17:35,1009,209
2024-09-22,15:17:45,1009,208
2024-09-22,15:17:55,1009,209
2024-09-22,15:18:05,1010,208
2024-09-22,15:18:15,1009,209
2024-09-22,15:18:25,1009,209
2024-09-22,15:18:35,1009,208
2024-09-22,15:18:45,1010,209
2024-09-22,15:18:55,1010,208
2024-09-22,15:19:05,1009,209
2024-09-22,15:19:15,1010,208
2024-09-22,15:19:25,1009,208
2024-09-22,15:19:35,1009,209
2024-09-22,15:19:45,1008,209
2024-09-22,15:19:55,1009,209
2024-09-22,15:20:05,1009,209
2024-09-22,15:20:15,1009,209
2024-09-22,15:20:25,1009,209
2024-09-22,15:20:35,1009,208
2024-09-22,15:20:45,1009,208
2024-09-22,15:20:55,1009,208
2024-09-22,15:21:05,1009,207
2024-09-22,15:21:15,1009,208
2024-09-22,15:21:25,1010,207
2024-09-22,15:21:35,1009,208
2024-09-22,15:21:45,1009,209
2024-09-22,15:21:55,1009,208
2024-09-22,15:22:05,1009,209
2024-09-22,15:22:15,1009,209
2024-09-22,15:22:25,1009,208
2024-09-22,15:22:35,1009,209
2024-09-22,15:22:45,1009,209
2024-09-22,15:22:55,1009,208
2024-09-22,15:23:05,1009,208
2024-09-22,15:23:15,1009,208
2024-09-22,15:23:25,1009,208
2024-09-22,15:23:35,1009,208
2024-09-22,15:23:45,1009,208
2024-09-22,15:23:55,1009,209
2024-09-22,15:24:05,1009,208
2024-09-22,15:24:15,1009,207
2024-09-22,15:24:25,1009,209
2024-09-22,15:24:35,1010,208
2024-09-22,15:24:45,1009,208
2024-09-22,15:24:55,1009,208
2024-09-22,15:25:05,1009,208
2024-09-22,15:25:15,1009,208
2024-09-22,15:25:25,1009,208
2024-09-22,15:25:35,1009,208
2024-09-22,15:25:45,1009,208
2024-09-22,15:25:55,1009,208
2024-09-22,15:26:05,1009,208
2024-09-22,15:26:15,1009,208
2024-09-22,15:26:25,1009,207
2024-09-22,15:26:35,1009,208
2024-09-22,15:26:45,1009,208
2024-09-22,15:26:55,1009,208
2024-09-22,15:27:05,1009,208
2024-09-22,15:27:15,1009,208
2024-09-22,15:27:25,1009,208
2024-09-22,15:27:35,1009,208
2024-09-22,15:27:45,1009,209
2024-09-22,15:27:55,1009,209
2024-09-22,15:28:05,1009,208
2024-09-22,15:28:15,1009,209
2024-09-22,15:28:25,1009,209
2024-09-22,15:28:35,1009,209
2024-09-22,15:28:45,1010,208
2024-09-22,15:28:55,1009,208
2024-09-22,15:29:06,1009,209
2024-09-22,15:29:16,1009,208
2024-09-22,15:29:26,1009,208
2024-09-22,15:29:36,1009,208
2024-09-22,15:29:46,1009,208
2024-09-22,15:29:56,1009,208
2024-09-22,15:30:06,1009,208
2024-09-22,15:30:16,1009,208
2024-09-22,15:30:26,1009,208
2024-09-22,15:30:36,1009,208
2024-09-22,15:30:46,1009,208
2024-09-22,15:30:56,1009,208
2024-09-22,15:31:06,1009,208
2024-09-22,15:31:16,1009,208
2024-09-22,15:31:26,1009,208
2024-09-22,15:31:36,1009,208
2024-09-22,15:31:46,1009,208
2024-09-22,15:31:56,1009,208
2024-09-22,15:32:06,1009,207
2024-09-22,15:32:16,1009,208
2024-09-22,15:32:26,1009,207
2024-09-22,15:32:36,1009,207
2024-09-22,15:32:46,1009,207
2024-09-22,15:32:56,1009,208
2024-09-22,15:33:06,1009,208
2024-09-22,15:33:16,1009,208
2024-09-22,15:33:26,1009,208
2024-09-22,15:33:36,1009,208
2024-09-22,15:33:46,1009,208
2024-09-22,15:33:56,1009,208
2024-09-22,15:34:06,1009,208
2024-09-22,15:34:16,1009,208
2024-09-22,15:34:26,1009,208
2024-09-22,15:34:36,1009,208
2024-09-22,15:34:46,1009,209
2024-09-22,15:34:56,1008,208
2024-09-22,15:35:06,1009,208
2024-09-22,15:35:16,1009,208
2024-09-22,15:35:26,1009,209
2024-09-22,15:35:36,1009,209
2024-09-22,15:35:46,1009,209
2024-09-22,15:35:56,1009,209
2024-09-22,15:36:06,1009,208
2024-09-22,15:36:16,1009,208
2024-09-22,15:36:26,1009,208
2024-09-22,15:36:36,1009,208
2024-09-22,15:36:46,1009,208
2024-09-22,15:36:56,1009,208
2024-09-22,15:37:06,1009,208
2024-09-22,15:37:16,1009,208
2024-09-22,15:37:26,1009,208
2024-09-22,15:37:36,1009,208
2024-09-22,15:37:46,1009,208
2024-09-22,15:37:56,1009,208
2024-09-22,15:38:06,1009,208
2024-09-22,15:38:16,1009,207
2024-09-22,15:38:26,1009,208
2024-09-22,15:38:36,1009,208
2024-09-22,15:38:46,1009,208
2024-09-22,15:38:56,1009,208
2024-09-22,15:39:06,1009,208
2024-09-22,15:39:16,1009,208
2024-09-22,15:39:26,1009,208
2024-09-22,15:39:36,1009,208
2024-09-22,15:39:46,1009,207
2024-09-22,15:39:56,1009,208
2024-09-22,15:40:06,1009,209
2024-09-22,15:40:16,1009,209
2024-09-22,15:40:26,1009,208
2024-09-22,15:40:36,1009,208
2024-09-22,15:40:46,1009,208
2024-09-22,15:40:56,1009,208
2024-09-22,15:41:06,1009,208
2024-09-22,15:41:16,1009,208
2024-09-22,15:41:26,1009,208
2024-09-22,15:41:36,1009,208
2024-09-22,15:41:46,1009,208
2024-09-22,15:41:56,1009,208
2024-09-22,15:42:06,1009,208
2024-09-22,15:42:16,1009,208
2024-09-22,15:42:26,1009,208
2024-09-22,15:42:36,1009,208
2024-09-22,15:42:46,1009,208
2024-09-22,15:42:56,1009,208
2024-09-22,15:43:06,1009,208
2024-09-22,15:43:16,1009,208
2024-09-22,15:43:26,1009,208
2024-09-22,15:43:36,1009,208
2024-09-22,15:43:46,1008,208
2024-09-22,15:43:56,1009,208
2024-09-22,15:44:06,1009,208
2024-09-22,15:44:16,1009,208
2024-09-22,15:44:26,1009,208
2024-09-22,15:44:36,1009,209
2024-09-22,15:44:46,1009,208
2024-09-22,15:44:56,1009,208
2024-09-22,15:45:06,1009,208
2024-09-22,15:45:16,1009,208
2024-09-22,15:45:26,1009,208
2024-09-22,15:45:36,1009,208
2024-09-22,15:45:46,1009,208
2024-09-22,15:45:56,1009,208
2024-09-22,15:46:06,1009,208
2024-09-22,15:46:16,1009,208
2024-09-22,15:46:26,1009,208
2024-09-22,15:46:36,1009,208
2024-09-22,15:46:46,1009,208
2024-09-22,15:46:56,1009,208
2024-09-22,15:47:06,1009,208
2024-09-22,15:47:16,1009,208
2024-09-22,15:47:26,1009,208
2024-09-22,15:47:36,1009,208
2024-09-22,15:47:46,1009,208
2024-09-22,15:47:56,1009,208
2024-09-22,15:48:06,1009,208
2024-09-22,15:48:16,1009,208
2024-09-22,15:48:26,1009,208
2024-09-22,15:48:36,1009,207
2024-09-22,15:48:46,1009,208
2024-09-22,15:48:56,1009,208
2024-09-22,15:49:06,1009,208
2024-09-22,15:49:16,1009,208
2024-09-22,15:49:26,1009,208
2024-09-22,15:49:36,1009,208
2024-09-22,15:49:46,1009,208
2024-09-22,15:49:56,1009,208
2024-09-22,15:50:07,1009,207
2024-09-22,15:50:17,1009,207
2024-09-22,15:50:27,1009,207
2024-09-22,15:50:37,1009,207
2024-09-22,15:50:47,1009,207
2024-09-22,15:50:57,1009,207
2024-09-22,15:51:07,1009,207
2024-09-22,15:51:17,1009,207
2024-09-22,15:51:27,1009,207
2024-09-22,15:51:37,1009,207
2024-09-22,15:51:47,1009,207
2024-09-22,15:51:57,1009,207
2024-09-22,15:52:07,1009,207
2024-09-22,15:52:17,1009,207
2024-09-22,15:52:27,1009,207
2024-09-22,15:52:37,1009,207
2024-09-22,15:52:47,1009,206
2024-09-22,15:52:57,1009,207
2024-09-22,15:53:07,1009,207
2024-09-22,15:53:17,1009,207
2024-09-22,15:53:27,1009,207
2024-09-22,15:53:37,1009,206
2024-09-22,15:53:47,1009,207
2024-09-22,15:53:57,1009,206
2024-09-22,15:54:07,1009,207
2024-09-22,15:54:17,1009,207
2024-09-22,15:54:27,1009,207
2024-09-22,15:54:37,1009,206
2024-09-22,15:54:47,1008,206
2024-09-22,15:54:57,1009,206
2024-09-22,15:55:07,1009,206
2024-09-22,15:55:17,1009,206
2024-09-22,15:55:27,1009,206
2024-09-22,15:55:37,1008,206
2024-09-22,15:55:47,1009,206
2024-09-22,15:55:57,1009,206
2024-09-22,15:56:07,1009,206
2024-09-22,15:56:17,1009,206
2024-09-22,15:56:27,1009,206
2024-09-22,15:56:37,1009,206
2024-09-22,15:56:47,1009,206
2024-09-22,15:56:57,1009,206
2024-09-22,15:57:07,1009,206
2024-09-22,15:57:17,1009,206
2024-09-22,15:57:27,1009,206
2024-09-22,15:57:37,1009,206
2024-09-22,15:57:47,1009,206
2024-09-22,15:57:57,1009,206
2024-09-22,15:58:07,1009,206
2024-09-22,15:58:17,1009,205
2024-09-22,15:58:27,1009,205
2024-09-22,15:58:37,1009,205
2024-09-22,15:58:47,1009,205
2024-09-22,15:58:57,1009,205
2024-09-22,15:59:07,1009,205
2024-09-22,15:59:17,1009,205
2024-09-22,15:59:27,1009,205
2024-09-22,15:59:37,1009,205
2024-09-22,15:59:47,1009,205
2024-09-22,15:59:57,1009,205
2024-09-22,16:00:07,1009,205
2024-09-22,16:00:17,1009,205
2024-09-22,16:00:27,1009,205
2024-09-22,16:00:37,1009,205
2024-09-22,16:00:47,1009,205
2024-09-22,16:00:57,1009,205
2024-09-22,16:01:07,1009,205
2024-09-22,16:01:17,1009,205
2024-09-22,16:01:27,1009,205
2024-09-22,16:01:37,1009,205
2024-09-22,16:01:47,1009,205
2024-09-22,16:01:57,1009,205
2024-09-22,16:02:07,1009,205
2024-09-22,16:02:17,1009,205
2024-09-22,16:02:27,1009,205
2024-09-22,16:02:37,1009,205
2024-09-22,16:02:47,1009,205
2024-09-22,16:02:57,1009,205
2024-09-22,16:03:07,1009,205
2024-09-22,16:03:17,1009,205
2024-09-22,16:03:27,1009,205
2024-09-22,16:03:37,1009,205
2024-09-22,16:03:47,1009,205
2024-09-22,16:03:57,1009,205
2024-09-22,16:04:07,1009,205
2024-09-22,16:04:17,1009,205
2024-09-22,16:04:27,1009,205
2024-09-22,16:04:37,1009,205
2024-09-22,16:04:47,1009,205
2024-09-22,16:04:57,1009,205
2024-09-22,16:05:07,1009,205
2024-09-22,16:05:17,1009,205
2024-09-22,16:05:27,1009,205
2024-09-22,16:05:37,1009,205
2024-09-22,16:05:47,1009,205
2024-09-22,16:05:57,1009,205
2024-09-22,16:06:07,1009,205
2024-09-22,16:06:17,1010,204
2024-09-22,16:06:27,1009,205
2024-09-22,16:06:37,1010,204
2024-09-22,16:06:47,1009,204
2024-09-22,16:06:57,1009,205
2024-09-22,16:07:07,1009,205
2024-09-22,16:07:17,1009,205
2024-09-22,16:07:27,1010,204
2024-09-22,16:07:37,1010,205
2024-09-22,16:07:47,1009,205
2024-09-22,16:07:57,1009,205
2024-09-22,16:08:07,1009,205
2024-09-22,16:08:17,1009,205
2024-09-22,16:08:27,1009,205
2024-09-22,16:08:37,1009,205
2024-09-22,16:08:47,1009,206
2024-09-22,16:08:57,1009,206
2024-09-22,16:09:07,1009,206
2024-09-22,16:09:17,1009,206
2024-09-22,16:09:27,1010,205
2024-09-22,16:09:37,1009,205
2024-09-22,16:09:47,1009,205
2024-09-22,16:09:57,1009,205
2024-09-22,16:10:07,1009,205
2024-09-22,16:10:17,1009,205
2024-09-22,16:10:27,1009,205
2024-09-22,16:10:37,1009,205
2024-09-22,16:10:47,1009,205
2024-09-22,16:10:58,1009,205
2024-09-22,16:11:08,1009,205
2024-09-22,16:11:18,1009,205
2024-09-22,16:11:28,1009,205
2024-09-22,16:11:38,1009,205
2024-09-22,16:11:48,1009,205
2024-09-22,16:11:58,1009,205
2024-09-22,16:12:08,1009,205
2024-09-22,16:12:18,1010,204
2024-09-22,16:12:28,1010,204
2024-09-22,16:12:38,1010,204
2024-09-22,16:12:48,1009,205
2024-09-22,16:12:58,1009,205
2024-09-22,16:13:08,1009,205
2024-09-22,16:13:18,1009,205
2024-09-22,16:13:28,1009,205
2024-09-22,16:13:38,1009,205
2024-09-22,16:13:48,1009,205
2024-09-22,16:13:58,1009,204
2024-09-22,16:14:08,1009,205
2024-09-22,16:14:18,1009,205
2024-09-22,16:14:28,1009,205
2024-09-22,16:14:38,1009,205
2024-09-22,16:14:48,1009,205
2024-09-22,16:14:58,1009,205
2024-09-22,16:15:08,1009,205
2024-09-22,16:15:18,1009,205
2024-09-22,16:15:28,1009,204
2024-09-22,16:15:38,1009,204
2024-09-22,16:15:48,1009,205
2024-09-22,16:15:58,1009,204
2024-09-22,16:16:08,1009,204
2024-09-22,16:16:18,1009,205
2024-09-22,16:16:28,1009,204
2024-09-22,16:16:38,1009,205
2024-09-22,16:16:48,1009,205
2024-09-22,16:16:58,1009,204
2024-09-22,16:17:08,1009,205
2024-09-22,16:17:18,1009,205
2024-09-22,16:17:28,1009,204
2024-09-22,16:17:38,1009,205
2024-09-22,16:17:48,1009,204
2024-09-22,16:17:58,1009,204
2024-09-22,16:18:08,1009,204
2024-09-22,16:18:18,1009,204
2024-09-22,16:18:28,1009,204
2024-09-22,16:18:38,1009,205
2024-09-22,16:18:48,1009,205
2024-09-22,16:18:58,1009,205
2024-09-22,16:19:08,1009,205
2024-09-22,16:19:18,1009,205
2024-09-22,16:19:28,1009,204
2024-09-22,16:19:38,1009,205
2024-09-22,16:19:48,1009,205
2024-09-22,16:19:58,1009,205
2024-09-22,16:20:08,1009,205
2024-09-22,16:20:18,1009,204
2024-09-22,16:20:28,1009,205
2024-09-22,16:20:38,1009,205
2024-09-22,16:20:48,1009,204
2024-09-22,16:20:58,1009,204
2024-09-22,16:21:08,1009,204
2024-09-22,16:21:18,1009,204
2024-09-22,16:21:28,1009,204
2024-09-22,16:21:38,1009,204
2024-09-22,16:21:48,1009,204
2024-09-22,16:21:58,1009,205
2024-09-22,16:22:08,1009,204
2024-09-22,16:22:18,1009,204
2024-09-22,16:22:28,1009,204
2024-09-22,16:22:38,1009,204
2024-09-22,16:22:48,1009,204
2024-09-22,16:22:58,1009,204
2024-09-22,16:23:08,1009,204
2024-09-22,16:23:18,1009,204
2024-09-22,16:23:28,1009,204
2024-09-22,16:23:38,1009,204
2024-09-22,16:23:48,1009,204
2024-09-22,16:23:58,1009,204
2024-09-22,16:24:08,1009,204
2024-09-22,16:24:18,1009,204
2024-09-22,16:24:28,1009,204
2024-09-22,16:24:38,1009,204
2024-09-22,16:24:48,1009,204
2024-09-22,16:24:58,1009,204
2024-09-22,16:25:08,1009,204
2024-09-22,16:25:18,1009,204
2024-09-22,16:25:28,1009,204
2024-09-22,16:25:38,1009,204
2024-09-22,16:25:48,1009,204
2024-09-22,16:25:58,1009,204
2024-09-22,16:26:08,1009,204
2024-09-22,16:26:18,1009,208
2024-09-22,16:26:28,1009,204
2024-09-22,16:26:38,1009,204
2024-09-22,16:26:48,1009,205
2024-09-22,16:26:58,1009,204
2024-09-22,16:27:08,1009,204
2024-09-22,16:27:18,1009,204
2024-09-22,16:27:28,1009,204
2024-09-22,16:27:38,1009,204
2024-09-22,16:27:48,1009,205
2024-09-22,16:27:58,1009,204
2024-09-22,16:28:08,1009,204
2024-09-22,16:28:18,1009,204
2024-09-22,16:28:28,1009,204
2024-09-22,16:28:38,1009,204
2024-09-22,16:28:48,1009,204
2024-09-22,16:28:58,1009,204
2024-09-22,16:29:08,1009,204
2024-09-22,16:29:18,1009,204
2024-09-22,16:29:28,1009,204
2024-09-22,16:29:38,1009,204
2024-09-22,16:29:48,1009,204
2024-09-22,16:29:58,1009,204
2024-09-22,16:30:08,1009,204
2024-09-22,16:30:18,1009,204
2024-09-22,16:30:28,1009,204
2024-09-22,16:30:38,1009,204
2024-09-22,16:30:48,1009,204
2024-09-22,16:30:58,1009,204
2024-09-22,16:31:08,1009,204
2024-09-22,16:31:18,1009,204
2024-09-22,16:31:28,1009,204
2024-09-22,16:31:38,1009,204
2024-09-22,16:31:48,1009,204
2024-09-22,16:31:59,1009,204
2024-09-22,16:32:09,1009,204
2024-09-22,16:32:19,1009,204
2024-09-22,16:32:29,1009,204
2024-09-22,16:32:39,1009,204
2024-09-22,16:32:49,1009,204
2024-09-22,16:32:59,1009,204
2024-09-22,16:33:09,1009,204
2024-09-22,16:33:19,1009,204
2024-09-22,16:33:29,1009,204
2024-09-22,16:33:39,1009,204
2024-09-22,16:33:49,1009,204
2024-09-22,16:33:59,1009,204
2024-09-22,16:34:09,1009,204
2024-09-22,16:34:19,1009,204
2024-09-22,16:34:29,1009,204
2024-09-22,16:34:39,1009,204
2024-09-22,16:34:49,1009,204
2024-09-22,16:34:59,1009,204
2024-09-22,16:35:09,1009,204
2024-09-22,16:35:19,1009,204
2024-09-22,16:35:29,1009,204
2024-09-22,16:35:39,1009,204
2024-09-22,16:35:49,1009,204
2024-09-22,16:35:59,1009,204
2024-09-22,16:36:09,1009,204
2024-09-22,16:36:19,1009,204
2024-09-22,16:36:29,1009,204
2024-09-22,16:36:39,1009,204
2024-09-22,16:36:49,1009,204
2024-09-22,16:36:59,1009,204
2024-09-22,16:37:09,1009,203
2024-09-22,16:37:19,1009,204
2024-09-22,16:37:29,1009,204
2024-09-22,16:37:39,1009,204
2024-09-22,16:37:49,1009,204
2024-09-22,16:37:59,1009,204
2024-09-22,16:38:09,1009,204
2024-09-22,16:38:19,1009,203
2024-09-22,16:38:29,1009,204
2024-09-22,16:38:39,1009,204
2024-09-22,16:38:49,1009,203
2024-09-22,16:38:59,1009,204
2024-09-22,16:39:09,1009,204
2024-09-22,16:39:19,1009,204
2024-09-22,16:39:29,1009,204
2024-09-22,16:39:39,1009,204
2024-09-22,16:39:49,1009,204
2024-09-22,16:39:59,1009,204
2024-09-22,16:40:09,1009,204
2024-09-22,16:40:19,1009,204
2024-09-22,16:40:29,1009,204
2024-09-22,16:40:39,1009,204
2024-09-22,16:40:49,1009,204
2024-09-22,16:40:59,1009,204
2024-09-22,16:41:09,1009,204
2024-09-22,16:41:19,1009,204
2024-09-22,16:41:29,1009,204
2024-09-22,16:41:39,1009,204
2024-09-22,16:41:49,1009,204
2024-09-22,16:41:59,1009,204
2024-09-22,16:42:09,1009,204
2024-09-22,16:42:19,1009,204
2024-09-22,16:42:29,1009,204
2024-09-22,16:42:39,1009,204
2024-09-22,16:42:49,1009,204
2024-09-22,16:42:59,1009,204
2024-09-22,16:43:09,1009,204
2024-09-22,16:43:19,1009,204
2024-09-22,16:43:29,1009,204
2024-09-22,16:43:39,1009,203
2024-09-22,16:43:49,1009,204
2024-09-22,16:43:59,1009,203
2024-09-22,16:44:09,1010,203
2024-09-22,16:44:19,1010,203
2024-09-22,16:44:29,1009,204
2024-09-22,16:44:39,1010,203
2024-09-22,16:44:49,1010,203
2024-09-22,16:44:59,1010,203
2024-09-22,16:45:09,1010,203
2024-09-22,16:45:19,1010,203
2024-09-22,16:45:29,1010,203
2024-09-22,16:45:39,1010,203
2024-09-22,16:45:49,1009,204
2024-09-22,16:45:59,1009,204
2024-09-22,16:46:09,1010,203
2024-09-22,16:46:19,1009,204
2024-09-22,16:46:29,1009,204
2024-09-22,16:46:39,1009,204
2024-09-22,16:46:49,1010,203
2024-09-22,16:46:59,1010,203
2024-09-22,16:47:09,1010,203
2024-09-22,16:47:19,1010,203
2024-09-22,16:47:29,1009,203
2024-09-22,16:47:39,1010,203
2024-09-22,16:47:49,1010,203
2024-09-22,16:47:59,1010,203
2024-09-22,16:48:09,1009,203
2024-09-22,16:48:19,1009,203
2024-09-22,16:48:29,1010,203
2024-09-22,16:48:39,1010,202
2024-09-22,16:48:49,1010,202
2024-09-22,16:48:59,1010,202
2024-09-22,16:49:09,1010,202
2024-09-22,16:49:19,1010,202
2024-09-22,16:49:29,1010,202
2024-09-22,16:49:39,1009,203
2024-09-22,16:49:49,1008,203
2024-09-22,16:49:59,1008,203
2024-09-22,16:50:09,1009,203
2024-09-22,16:50:19,1008,203
2024-09-22,16:50:29,1009,203
2024-09-22,16:50:39,1009,203
2024-09-22,16:50:49,1009,203
2024-09-22,16:50:59,1009,203
2024-09-22,16:51:09,1009,203
2024-09-22,16:51:19,1008,203
2024-09-22,16:51:29,1008,203
2024-09-22,16:51:39,1009,203
2024-09-22,16:51:49,1008,203
2024-09-22,16:51:59,1009,203
2024-09-22,16:52:09,1009,203
2024-09-22,16:52:19,1009,203
2024-09-22,16:52:29,1009,203
2024-09-22,16:52:39,1008,203
2024-09-22,16:52:49,1009,203
2024-09-22,16:53:00,1009,203
2024-09-22,16:53:10,1009,203
2024-09-22,16:53:20,1009,202
2024-09-22,16:53:30,1008,202
2024-09-22,16:53:40,1009,202
2024-09-22,16:53:50,1010,202
2024-09-22,16:54:00,1009,202
2024-09-22,16:54:10,1010,202
2024-09-22,16:54:20,1010,201
2024-09-22,16:54:30,1008,202
2024-09-22,16:54:40,1009,202
2024-09-22,16:54:50,1010,201
2024-09-22,16:55:00,1010,201
2024-09-22,16:55:10,1010,201
2024-09-22,16:55:20,1010,202
2024-09-22,16:55:30,1010,201
2024-09-22,16:55:40,1010,201
2024-09-22,16:55:50,1009,202
2024-09-22,16:56:00,1009,202
2024-09-22,16:56:10,1009,202
2024-09-22,16:56:20,1009,202
2024-09-22,16:56:30,1009,202
2024-09-22,16:56:40,1009,202
2024-09-22,16:56:50,1010,201
2024-09-22,16:57:00,1009,202
2024-09-22,16:57:10,1008,202
2024-09-22,16:57:20,1009,202
2024-09-22,16:57:30,1009,202
2024-09-22,16:57:40,1009,202
2024-09-22,16:57:50,1009,202
2024-09-22,16:58:00,1010,201
2024-09-22,16:58:10,1009,202
2024-09-22,16:58:20,1009,202
2024-09-22,16:58:30,1009,202
2024-09-22,16:58:40,1009,202
2024-09-22,16:58:50,1009,202
2024-09-22,16:59:00,1009,202
2024-09-22,16:59:10,1009,202
2024-09-22,16:59:20,1010,201
2024-09-22,16:59:30,1009,202
2024-09-22,16:59:40,1009,202
2024-09-22,16:59:50,1009,202
2024-09-22,17:00:00,1009,202
2024-09-22,17:00:10,1009,201
2024-09-22,17:00:20,1009,202
2024-09-22,17:00:30,1010,201
2024-09-22,17:00:40,1010,201
2024-09-22,17:00:50,1010,201
2024-09-22,17:01:00,1008,202
2024-09-22,17:01:10,1008,201
2024-09-22,17:01:20,1008,202
2024-09-22,17:01:30,1008,202
2024-09-22,17:01:40,1008,202
2024-09-22,17:01:50,1008,201
2024-09-22,17:02:00,1009,202
2024-09-22,17:02:10,1008,201
2024-09-22,17:02:20,1009,202
2024-09-22,17:02:30,1008,202
2024-09-22,17:02:40,1008,202
2024-09-22,17:02:50,1008,202
2024-09-22,17:03:00,1008,202
2024-09-22,17:03:10,1009,202
2024-09-22,17:03:20,1008,201
2024-09-22,17:03:30,1008,201
2024-09-22,17:03:40,1009,201
2024-09-22,17:03:50,1008,201
2024-09-22,17:04:00,1008,201
2024-09-22,17:04:10,1008,201
2024-09-22,17:04:20,1009,201
2024-09-22,17:04:30,1008,201
2024-09-22,17:04:40,1008,201
2024-09-22,17:04:50,1009,202
2024-09-22,17:05:00,1008,201
2024-09-22,17:05:10,1008,201
2024-09-22,17:05:20,1008,201
2024-09-22,17:05:30,1008,201
2024-09-22,17:05:40,1008,201
2024-09-22,17:05:50,1009,202
2024-09-22,17:06:00,1008,201
2024-09-22,17:06:10,1008,202
2024-09-22,17:06:20,1008,202
2024-09-22,17:06:30,1008,202
2024-09-22,17:06:40,1008,202
2024-09-22,17:06:50,1009,202
2024-09-22,17:07:00,1008,201
2024-09-22,17:07:10,1008,202
2024-09-22,17:07:20,1009,202
2024-09-22,17:07:30,1008,201
2024-09-22,17:07:40,1008,201
2024-09-22,17:07:50,1008,202
2024-09-22,17:08:00,1009,202
2024-09-22,17:08:10,1008,201
2024-09-22,17:08:20,1008,201
2024-09-22,17:08:30,1008,201
2024-09-22,17:08:40,1009,201
2024-09-22,17:08:50,1008,201
2024-09-22,17:09:00,1008,201
2024-09-22,17:09:10,1008,201
2024-09-22,17:09:20,1008,201
2024-09-22,17:09:30,1008,201
2024-09-22,17:09:40,1009,201
2024-09-22,17:09:50,1008,201
2024-09-22,17:10:00,1009,201
2024-09-22,17:10:10,1008,201
2024-09-22,17:10:20,1008,201
2024-09-22,17:10:30,1008,202
2024-09-22,17:10:40,1008,201
2024-09-22,17:10:50,1009,201
2024-09-22,17:11:00,1008,201
2024-09-22,17:11:10,1008,201
2024-09-22,17:11:20,1008,201
2024-09-22,17:11:30,1008,201
2024-09-22,17:11:40,1009,201
2024-09-22,17:11:50,1009,201
2024-09-22,17:12:00,1009,201
2024-09-22,17:12:10,1008,201
2024-09-22,17:12:20,1008,202
2024-09-22,17:12:30,1008,201
2024-09-22,17:12:40,1008,201
2024-09-22,17:12:50,1008,201
2024-09-22,17:13:00,1008,201
2024-09-22,17:13:10,1008,201
2024-09-22,17:13:20,1008,201
2024-09-22,17:13:30,1008,201
2024-09-22,17:13:40,1008,201
2024-09-22,17:13:50,1008,201
2024-09-22,17:14:01,1008,201
2024-09-22,17:14:11,1008,201
2024-09-22,17:14:21,1009,201
2024-09-22,17:14:31,1008,201
2024-09-22,17:14:41,1008,201
2024-09-22,17:14:51,1008,201
2024-09-22,17:15:01,1008,201
2024-09-22,17:15:11,1008,200
2024-09-22,17:15:21,1008,200
2024-09-22,17:15:31,1008,200
2024-09-22,17:15:41,1008,201
2024-09-22,17:15:51,1008,201
2024-09-22,17:16:01,1008,202
2024-09-22,17:16:11,1008,201
2024-09-22,17:16:21,1008,201
2024-09-22,17:16:31,1009,201
2024-09-22,17:16:41,1008,201
2024-09-22,17:16:51,1008,201
2024-09-22,17:17:01,1008,201
2024-09-22,17:17:11,1008,200
2024-09-22,17:17:21,1008,201
2024-09-22,17:17:31,1009,201
2024-09-22,17:17:41,1008,201
2024-09-22,17:17:51,1008,200
2024-09-22,17:18:01,1008,200
2024-09-22,17:18:11,1008,200
2024-09-22,17:18:21,1008,200
2024-09-22,17:18:31,1009,201
2024-09-22,17:18:41,1008,200
2024-09-22,17:18:51,1009,201
2024-09-22,17:19:01,1008,200
2024-09-22,17:19:11,1008,200
2024-09-22,17:19:21,1008,200
2024-09-22,17:19:31,1008,200
2024-09-22,17:19:41,1008,200
2024-09-22,17:19:51,1009,200
2024-09-22,17:20:01,1009,200
2024-09-22,17:20:11,1009,200
2024-09-22,17:20:21,1009,200
2024-09-22,17:20:31,1008,200
2024-09-22,17:20:41,1008,201
2024-09-22,17:20:51,1008,200
2024-09-22,17:21:01,1008,200
2024-09-22,17:21:11,1009,200
2024-09-22,17:21:21,1008,200
2024-09-22,17:21:31,1008,200
2024-09-22,17:21:41,1008,200
2024-09-22,17:21:51,1008,200
2024-09-22,17:22:01,1008,200
2024-09-22,17:22:11,1008,200
2024-09-22,17:22:21,1008,200
2024-09-22,17:22:31,1008,200
2024-09-22,17:22:41,1009,200
2024-09-22,17:22:51,1008,200
2024-09-22,17:23:01,1009,200
2024-09-22,17:23:11,1008,200
2024-09-22,17:23:21,1008,200
2024-09-22,17:23:31,1008,200
2024-09-22,17:23:41,1009,200
2024-09-22,17:23:51,1008,200
2024-09-22,17:24:01,1008,200
2024-09-22,17:24:11,1009,200
2024-09-22,17:24:21,1008,200
2024-09-22,17:24:31,1009,200
2024-09-22,17:24:41,1008,200
2024-09-22,17:24:51,1009,200
2024-09-22,17:25:01,1008,200
2024-09-22,17:25:11,1008,200
2024-09-22,17:25:21,1009,200
2024-09-22,17:25:31,1009,200
2024-09-22,17:25:41,1008,200
2024-09-22,17:25:51,1008,200
2024-09-22,17:26:01,1009,200
2024-09-22,17:26:11,1008,200
2024-09-22,17:26:21,1008,200
2024-09-22,17:26:31,1008,200
2024-09-22,17:26:41,1008,200
2024-09-22,17:26:51,1009,200
2024-09-22,17:27:01,1008,200
2024-09-22,17:27:11,1009,200
2024-09-22,17:27:21,1008,200
2024-09-22,17:27:31,1008,200
2024-09-22,17:27:41,1008,200
2024-09-22,17:27:51,1008,200
2024-09-22,17:28:01,1008,199
2024-09-22,17:28:11,1009,200
2024-09-22,17:28:21,1008,199
2024-09-22,17:28:31,1008,199
2024-09-22,17:28:41,1008,199
2024-09-22,17:28:51,1008,199
2024-09-22,17:29:01,1008,199
2024-09-22,17:29:11,1008,200
2024-09-22,17:29:21,1008,200
2024-09-22,17:29:31,1008,200
2024-09-22,17:29:41,1008,199
2024-09-22,17:29:51,1009,200
2024-09-22,17:30:01,1008,200
2024-09-22,17:30:11,1008,200
2024-09-22,17:30:21,1008,200
2024-09-22,17:30:31,1008,200
2024-09-22,17:30:41,1008,200
2024-09-22,17:30:51,1008,200
2024-09-22,17:31:01,1009,200
2024-09-22,17:31:11,1008,199
2024-09-22,17:31:21,1008,200
2024-09-22,17:31:31,1008,200
2024-09-22,17:31:41,1009,200
2024-09-22,17:31:51,1008,200
2024-09-22,17:32:01,1009,200
2024-09-22,17:32:11,1008,200
2024-09-22,17:32:21,1008,200
2024-09-22,17:32:31,1008,200
2024-09-22,17:32:41,1008,200
2024-09-22,17:32:51,1008,199
2024-09-22,17:33:01,1008,200
2024-09-22,17:33:11,1008,199
2024-09-22,17:33:21,1009,200
2024-09-22,17:33:31,1008,200
2024-09-22,17:33:41,1008,200
2024-09-22,17:33:51,1008,200
2024-09-22,17:34:01,1008,199
2024-09-22,17:34:11,1008,200
2024-09-22,17:34:21,1008,200
2024-09-22,17:34:31,1008,200
2024-09-22,17:34:41,1009,200
2024-09-22,17:34:51,1009,200
2024-09-22,17:35:02,1008,200
2024-09-22,17:35:12,1008,200
2024-09-22,17:35:22,1008,200
2024-09-22,17:35:32,1008,200
2024-09-22,17:35:42,1008,200
2024-09-22,17:35:52,1008,200
2024-09-22,17:36:02,1008,200
2024-09-22,17:36:12,1009,200
2024-09-22,17:36:22,1008,200
2024-09-22,17:36:32,1008,199
2024-09-22,17:36:42,1008,199
2024-09-22,17:36:52,1008,199
2024-09-22,17:37:02,1008,199
2024-09-22,17:37:12,1008,199
2024-09-22,17:37:22,1008,199
2024-09-22,17:37:32,1008,200
2024-09-22,17:37:42,1008,200
2024-09-22,17:37:52,1008,199
2024-09-22,17:38:02,1008,199
2024-09-22,17:38:12,1008,199
2024-09-22,17:38:22,1008,199
2024-09-22,17:38:32,1009,199
2024-09-22,17:38:42,1008,199
2024-09-22,17:38:52,1008,199
2024-09-22,17:39:02,1008,199
2024-09-22,17:39:12,1008,199
2024-09-22,17:39:22,1008,199
2024-09-22,17:39:32,1008,199
2024-09-22,17:39:42,1008,199
2024-09-22,17:39:52,1008,199
2024-09-22,17:40:02,1008,200
2024-09-22,17:40:12,1008,199
2024-09-22,17:40:22,1008,199
2024-09-22,17:40:32,1008,199
2024-09-22,17:40:42,1008,199
2024-09-22,17:40:52,1008,199
2024-09-22,17:41:02,1008,199
2024-09-22,17:41:12,1008,199
2024-09-22,17:41:22,1008,199
2024-09-22,17:41:32,1007,199
2024-09-22,17:41:42,1008,199
2024-09-22,17:41:52,1008,199
2024-09-22,17:42:02,1008,199
2024-09-22,17:42:12,942,199
2024-09-22,17:42:22,961,199
2024-09-22,17:42:32,939,199
2024-09-22,17:42:42,998,199
2024-09-22,17:42:52,1008,199
2024-09-22,17:43:02,1007,199
2024-09-22,17:43:12,1007,199
2024-09-22,17:43:22,1008,200
2024-09-22,17:43:32,1007,199
2024-09-22,17:43:42,1007,199
2024-09-22,17:43:52,1007,199
2024-09-22,17:44:02,980,201
2024-09-22,17:44:12,136,199
2024-09-22,17:44:22,149,193
2024-09-22,17:44:32,123,198
2024-09-22,17:44:42,108,198
2024-09-22,17:44:52,92,198
2024-09-22,17:45:02,118,194
2024-09-22,17:45:12,101,198
2024-09-22,17:45:22,97,198
2024-09-22,17:45:32,95,198
2024-09-22,17:45:42,94,198
2024-09-22,17:45:52,108,200
2024-09-22,17:46:02,186,200
2024-09-22,17:46:12,211,201
2024-09-22,17:46:22,200,200
2024-09-22,17:46:32,205,200
2024-09-22,17:46:42,199,200
2024-09-22,17:46:52,194,200
2024-09-22,17:47:02,178,199
2024-09-22,17:47:12,175,199
2024-09-22,17:47:22,169,198
2024-09-22,17:47:32,164,199
2024-09-22,17:47:42,162,199
2024-09-22,17:47:52,157,199
2024-09-22,17:48:02,149,198
2024-09-22,17:48:12,143,200
2024-09-22,17:48:22,144,199
2024-09-22,17:48:32,141,199
2024-09-22,17:48:42,133,199
2024-09-22,17:48:52,129,199
2024-09-22,17:49:02,136,199
2024-09-22,17:49:12,129,200
2024-09-22,17:49:22,121,199
2024-09-22,17:49:32,111,199
2024-09-22,17:49:42,105,199
2024-09-22,17:49:52,101,199
2024-09-22,17:50:02,98,199
2024-09-22,17:50:12,94,199
2024-09-22,17:50:22,64,199
2024-09-22,17:50:32,61,198
2024-09-22,17:50:42,55,199
2024-09-22,17:50:52,58,199
2024-09-22,17:51:02,57,199
2024-09-22,17:51:12,47,199
2024-09-22,17:51:22,52,199
2024-09-22,17:51:32,52,199
2024-09-22,17:51:42,49,199
2024-09-22,17:51:52,48,199
2024-09-22,17:52:02,45,199
2024-09-22,17:52:12,44,199
2024-09-22,17:52:22,42,199
2024-09-22,17:52:32,43,199
2024-09-22,17:52:42,41,199
2024-09-22,17:52:52,40,199
2024-09-22,17:53:02,39,199
2024-09-22,17:53:12,38,199
2024-09-22,17:53:22,38,199
2024-09-22,17:53:32,36,199
2024-09-22,17:53:42,36,200
2024-09-22,17:53:52,34,200
2024-09-22,17:54:02,33,199
2024-09-22,17:54:12,33,199
2024-09-22,17:54:22,32,200
2024-09-22,17:54:32,30,199
2024-09-22,17:54:42,29,199
2024-09-22,17:54:52,28,199
2024-09-22,17:55:02,27,199
2024-09-22,17:55:12,27,199
2024-09-22,17:55:22,26,200
2024-09-22,17:55:32,25,199
2024-09-22,17:55:42,24,200
2024-09-22,17:55:52,23,199
2024-09-22,17:56:02,22,199
2024-09-22,17:56:13,22,200
2024-09-22,17:56:23,21,199
2024-09-22,17:56:33,21,200
2024-09-22,17:56:43,21,199
2024-09-22,17:56:53,20,199
2024-09-22,17:57:03,19,199
2024-09-22,17:57:13,18,200
2024-09-22,17:57:49,16,199
2024-09-22,17:57:51,16,200
2024-09-22,17:58:01,14,200
2024-09-22,17:58:11,15,199
2024-09-22,17:58:21,15,199
2024-09-22,17:58:31,14,200
2024-09-22,17:58:41,13,199
2024-09-22,23:38:00,1001,183
2024-09-22,23:38:05,1001,183
2024-09-22,23:38:15,1001,183
2024-09-22,23:38:25,1001,183
2024-09-22,23:38:35,1001,183
2024-09-22,23:38:45,1001,183
2024-09-22,23:38:55,1001,183
2024-09-22,23:39:05,1001,183
2024-09-22,23:39:15,1001,183
2024-09-22,23:39:25,65,181
2024-09-22,23:39:35,66,181
2024-09-22,23:39:45,75,181
2024-09-22,23:39:55,28,733
2024-09-22,23:40:05,69,823
2024-09-22,23:40:15,42,831
2024-09-22,23:40:25,48,828
2024-09-22,23:40:35,55,816
2024-09-22,23:40:45,64,820
2024-09-22,23:40:55,62,816
2024-09-22,23:41:05,75,823
2024-09-22,23:41:15,77,816
2024-09-22,23:41:25,74,809
2024-09-22,23:41:35,68,806
2024-09-22,23:41:45,66,802
2024-09-22,23:41:55,74,799
2024-09-22,23:42:05,71,795
2024-09-22,23:42:15,77,792
2024-09-22,23:42:25,71,790
2024-09-22,23:42:35,78,786
2024-09-22,23:42:45,77,784
2024-09-22,23:42:55,78,782
2024-09-22,23:43:05,79,782
2024-09-22,23:43:15,81,780
2024-09-22,23:43:25,92,779
2024-09-22,23:43:35,66,778
2024-09-22,23:43:45,70,776
2024-09-22,23:43:55,66,775
2024-09-22,23:44:05,65,775
2024-09-22,23:44:15,71,773
2024-09-22,23:44:25,70,772
2024-09-22,23:44:35,64,770
2024-09-22,23:44:45,73,770
2024-09-22,23:44:55,65,770
2024-09-22,23:45:05,63,768
2024-09-22,23:45:15,70,768
2024-09-22,23:45:25,72,766
2024-09-22,23:45:35,70,767
2024-09-22,23:45:45,65,766
2024-09-22,23:45:55,73,765
2024-09-22,23:46:05,72,765
2024-09-22,23:46:15,70,762
2024-09-22,23:46:25,64,763
2024-09-22,23:46:35,64,761
2024-09-22,23:46:45,70,761
2024-09-22,23:46:55,62,760
2024-09-22,23:47:05,66,760
2024-09-22,23:47:15,68,759
2024-09-22,23:47:25,71,759
2024-09-22,23:47:36,64,759
2024-09-22,23:47:46,71,759
2024-09-22,23:47:56,70,758
2024-09-22,23:48:06,71,755
2024-09-22,23:48:16,67,757
2024-09-22,23:48:26,70,756
2024-09-22,23:48:36,79,755
2024-09-22,23:48:46,250,755
2024-09-22,23:48:56,253,753
2024-09-22,23:49:06,252,753
2024-09-22,23:49:16,142,753
2024-09-22,23:49:26,127,752
2024-09-22,23:49:36,115,752
2024-09-22,23:49:46,98,751
2024-09-22,23:49:56,125,751
2024-09-22,23:50:06,121,751
2024-09-22,23:50:16,143,750
2024-09-22,23:50:26,116,750
2024-09-22,23:50:36,89,750
2024-09-22,23:50:46,77,747
2024-09-22,23:50:56,72,748
2024-09-22,23:51:06,76,748
2024-09-22,23:51:16,64,748
2024-09-22,23:51:26,67,748
2024-09-22,23:51:36,76,749
2024-09-22,23:51:46,65,748
2024-09-22,23:51:56,72,747
2024-09-22,23:52:06,71,748
2024-09-22,23:52:16,62,748
2024-09-22,23:52:26,67,748
2024-09-22,23:52:36,74,747
2024-09-22,23:52:46,73,747
2024-09-22,23:52:56,66,746
2024-09-22,23:53:06,75,747
2024-09-22,23:53:16,74,746
2024-09-22,23:53:26,73,745
2024-09-22,23:53:36,68,746
2024-09-22,23:53:46,70,745
2024-09-22,23:53:56,68,745
2024-09-22,23:54:06,65,745
2024-09-22,23:54:16,72,742
2024-09-22,23:54:26,76,744
2024-09-22,23:54:36,68,745
2024-09-22,23:54:46,70,743
2024-09-22,23:54:56,70,744
2024-09-22,23:55:06,70,743
2024-09-22,23:55:16,72,743
2024-09-22,23:55:26,72,743
2024-09-22,23:55:36,69,742
2024-09-22,23:55:46,68,742
2024-09-22,23:55:56,70,742
2024-09-22,23:56:06,68,742
2024-09-22,23:56:16,71,741
2024-09-22,23:56:26,70,742
2024-09-22,23:56:36,67,742
2024-09-22,23:56:46,64,741
2024-09-22,23:56:56,64,741
2024-09-22,23:57:06,71,741
2024-09-22,23:57:16,67,740
2024-09-22,23:57:26,63,741
2024-09-22,23:57:36,73,741
2024-09-22,23:57:46,69,741
2024-09-22,23:57:56,64,740
2024-09-22,23:58:06,72,740
2024-09-22,23:58:16,64,740
2024-09-22,23:58:26,71,740
2024-09-22,23:58:36,68,740
2024-09-22,23:58:46,74,742
2024-09-22,23:58:56,76,741
2024-09-22,23:59:06,72,740
2024-09-22,23:59:16,70,741
2024-09-22,23:59:26,78,740
2024-09-22,23:59:36,70,739
2024-09-22,23:59:46,66,739
2024-09-22,23:59:56,69,739
